file,line,type,commit,author,date,time,timezone,datetime,depth,length
style.css,1,css,eb6a1269,SupriyaaChordia,2025-04-11,22:13:20,-07:00,2025-04-11T22:13:20-07:00,0,5
style.css,2,css,eb6a1269,SupriyaaChordia,2025-04-11,22:13:20,-07:00,2025-04-11T22:13:20-07:00,1,31
style.css,3,css,f45241c1,SupriyaaChordia,2025-04-19,21:48:41,-07:00,2025-04-19T21:48:41-07:00,1,23
style.css,4,css,fa6a7285,SupriyaaChordia,2025-05-02,18:04:45,-07:00,2025-05-02T18:04:45-07:00,1,39
style.css,5,css,eb6a1269,SupriyaaChordia,2025-04-11,22:13:20,-07:00,2025-04-11T22:13:20-07:00,0,0
style.css,6,css,eb6a1269,SupriyaaChordia,2025-04-11,22:13:20,-07:00,2025-04-11T22:13:20-07:00,0,0
style.css,7,css,0480f994,SupriyaaChordia,2025-04-05,20:22:51,-07:00,2025-04-05T20:22:51-07:00,0,4
style.css,8,css,0480f994,SupriyaaChordia,2025-04-05,20:22:51,-07:00,2025-04-05T20:22:51-07:00,1,23
style.css,9,css,eb6a1269,SupriyaaChordia,2025-04-11,22:13:20,-07:00,2025-04-11T22:13:20-07:00,1,13
style.css,10,css,eb6a1269,SupriyaaChordia,2025-04-11,22:13:20,-07:00,2025-04-11T22:13:20-07:00,1,10
style.css,11,css,eb6a1269,SupriyaaChordia,2025-04-11,22:13:20,-07:00,2025-04-11T22:13:20-07:00,1,15
style.css,12,css,eb6a1269,SupriyaaChordia,2025-04-11,22:13:20,-07:00,2025-04-11T22:13:20-07:00,1,18
style.css,13,css,eb6a1269,SupriyaaChordia,2025-04-11,22:13:20,-07:00,2025-04-11T22:13:20-07:00,1,12
style.css,14,css,eb6a1269,SupriyaaChordia,2025-04-11,22:13:20,-07:00,2025-04-11T22:13:20-07:00,0,0
style.css,15,css,eb6a1269,SupriyaaChordia,2025-04-11,22:13:20,-07:00,2025-04-11T22:13:20-07:00,0,0
style.css,16,css,da88c9fc,SupriyaaChordia,2025-04-19,21:37:07,-07:00,2025-04-19T21:37:07-07:00,0,3
style.css,17,css,da88c9fc,SupriyaaChordia,2025-04-19,21:37:07,-07:00,2025-04-19T21:37:07-07:00,1,39
style.css,18,css,eb6a1269,SupriyaaChordia,2025-04-11,22:13:20,-07:00,2025-04-11T22:13:20-07:00,1,12
style.css,19,css,eb6a1269,SupriyaaChordia,2025-04-11,22:13:20,-07:00,2025-04-11T22:13:20-07:00,1,23
style.css,20,css,eb6a1269,SupriyaaChordia,2025-04-11,22:13:20,-07:00,2025-04-11T22:13:20-07:00,1,25
style.css,21,css,f45241c1,SupriyaaChordia,2025-04-19,21:48:41,-07:00,2025-04-19T21:48:41-07:00,1,39
style.css,22,css,e05669ac,SupriyaaChordia,2025-04-19,22:28:09,-07:00,2025-04-19T22:28:09-07:00,1,75
style.css,23,css,eb6a1269,SupriyaaChordia,2025-04-11,22:13:20,-07:00,2025-04-11T22:13:20-07:00,0,0
style.css,24,css,eb6a1269,SupriyaaChordia,2025-04-11,22:13:20,-07:00,2025-04-11T22:13:20-07:00,0,0
style.css,25,css,eb6a1269,SupriyaaChordia,2025-04-11,22:13:20,-07:00,2025-04-11T22:13:20-07:00,0,5
style.css,26,css,eb6a1269,SupriyaaChordia,2025-04-11,22:13:20,-07:00,2025-04-11T22:13:20-07:00,1,13
style.css,27,css,40c2f7ec,SupriyaaChordia,2025-04-11,22:50:01,-07:00,2025-04-11T22:50:01-07:00,1,13
style.css,28,css,40c2f7ec,SupriyaaChordia,2025-04-11,22:50:01,-07:00,2025-04-11T22:50:01-07:00,1,20
style.css,29,css,40c2f7ec,SupriyaaChordia,2025-04-11,22:50:01,-07:00,2025-04-11T22:50:01-07:00,1,37
style.css,30,css,eb6a1269,SupriyaaChordia,2025-04-11,22:13:20,-07:00,2025-04-11T22:13:20-07:00,0,0
style.css,31,css,eb6a1269,SupriyaaChordia,2025-04-11,22:13:20,-07:00,2025-04-11T22:13:20-07:00,0,0
style.css,32,css,eb6a1269,SupriyaaChordia,2025-04-11,22:13:20,-07:00,2025-04-11T22:13:20-07:00,0,11
style.css,33,css,f45241c1,SupriyaaChordia,2025-04-19,21:48:41,-07:00,2025-04-19T21:48:41-07:00,1,45
style.css,34,css,f45241c1,SupriyaaChordia,2025-04-19,21:48:41,-07:00,2025-04-19T21:48:41-07:00,1,69
style.css,35,css,eb6a1269,SupriyaaChordia,2025-04-11,22:13:20,-07:00,2025-04-11T22:13:20-07:00,0,0
style.css,36,css,eb6a1269,SupriyaaChordia,2025-04-11,22:13:20,-07:00,2025-04-11T22:13:20-07:00,0,0
style.css,37,css,6d5be0b2,SupriyaaChordia,2025-05-02,18:07:10,-07:00,2025-05-02T18:07:10-07:00,0,5
style.css,38,css,eb6a1269,SupriyaaChordia,2025-04-11,22:13:20,-07:00,2025-04-11T22:13:20-07:00,1,16
style.css,39,css,6d5be0b2,SupriyaaChordia,2025-05-02,18:07:10,-07:00,2025-05-02T18:07:10-07:00,0,2
style.css,40,css,eb6a1269,SupriyaaChordia,2025-04-11,22:13:20,-07:00,2025-04-11T22:13:20-07:00,0,0
style.css,41,css,605aa1bb,SupriyaaChordia,2025-05-02,18:22:20,-07:00,2025-05-02T18:22:20-07:00,0,5
style.css,42,css,eb6a1269,SupriyaaChordia,2025-04-11,22:13:20,-07:00,2025-04-11T22:13:20-07:00,1,16
style.css,43,css,605aa1bb,SupriyaaChordia,2025-05-02,18:22:20,-07:00,2025-05-02T18:22:20-07:00,0,2
style.css,44,css,eb6a1269,SupriyaaChordia,2025-04-11,22:13:20,-07:00,2025-04-11T22:13:20-07:00,0,0
style.css,45,css,eb6a1269,SupriyaaChordia,2025-04-11,22:13:20,-07:00,2025-04-11T22:13:20-07:00,0,9
style.css,46,css,eb6a1269,SupriyaaChordia,2025-04-11,22:13:20,-07:00,2025-04-11T22:13:20-07:00,1,20
style.css,47,css,eb6a1269,SupriyaaChordia,2025-04-11,22:13:20,-07:00,2025-04-11T22:13:20-07:00,1,6
style.css,48,css,eb6a1269,SupriyaaChordia,2025-04-11,22:13:20,-07:00,2025-04-11T22:13:20-07:00,1,13
style.css,49,css,eb6a1269,SupriyaaChordia,2025-04-11,22:13:20,-07:00,2025-04-11T22:13:20-07:00,1,17
style.css,50,css,eb6a1269,SupriyaaChordia,2025-04-11,22:13:20,-07:00,2025-04-11T22:13:20-07:00,1,13
style.css,51,css,eb6a1269,SupriyaaChordia,2025-04-11,22:13:20,-07:00,2025-04-11T22:13:20-07:00,1,19
style.css,52,css,eb6a1269,SupriyaaChordia,2025-04-11,22:13:20,-07:00,2025-04-11T22:13:20-07:00,1,19
style.css,53,css,eb6a1269,SupriyaaChordia,2025-04-11,22:13:20,-07:00,2025-04-11T22:13:20-07:00,1,37
style.css,54,css,eb6a1269,SupriyaaChordia,2025-04-11,22:13:20,-07:00,2025-04-11T22:13:20-07:00,1,25
style.css,55,css,eb6a1269,SupriyaaChordia,2025-04-11,22:13:20,-07:00,2025-04-11T22:13:20-07:00,1,20
style.css,56,css,eb6a1269,SupriyaaChordia,2025-04-11,22:13:20,-07:00,2025-04-11T22:13:20-07:00,1,16
style.css,57,css,eb6a1269,SupriyaaChordia,2025-04-11,22:13:20,-07:00,2025-04-11T22:13:20-07:00,1,14
style.css,58,css,eb6a1269,SupriyaaChordia,2025-04-11,22:13:20,-07:00,2025-04-11T22:13:20-07:00,0,0
style.css,59,css,eb6a1269,SupriyaaChordia,2025-04-11,22:13:20,-07:00,2025-04-11T22:13:20-07:00,0,0
style.css,60,css,eb6a1269,SupriyaaChordia,2025-04-11,22:13:20,-07:00,2025-04-11T22:13:20-07:00,0,1
style.css,61,css,eb6a1269,SupriyaaChordia,2025-04-11,22:13:20,-07:00,2025-04-11T22:13:20-07:00,1,20
style.css,62,css,eb6a1269,SupriyaaChordia,2025-04-11,22:13:20,-07:00,2025-04-11T22:13:20-07:00,1,13
style.css,63,css,eb6a1269,SupriyaaChordia,2025-04-11,22:13:20,-07:00,2025-04-11T22:13:20-07:00,1,6
style.css,64,css,eb6a1269,SupriyaaChordia,2025-04-11,22:13:20,-07:00,2025-04-11T22:13:20-07:00,1,17
style.css,65,css,eb6a1269,SupriyaaChordia,2025-04-11,22:13:20,-07:00,2025-04-11T22:13:20-07:00,1,13
style.css,66,css,eb6a1269,SupriyaaChordia,2025-04-11,22:13:20,-07:00,2025-04-11T22:13:20-07:00,1,19
style.css,67,css,eb6a1269,SupriyaaChordia,2025-04-11,22:13:20,-07:00,2025-04-11T22:13:20-07:00,1,14
style.css,68,css,0480f994,SupriyaaChordia,2025-04-05,20:22:51,-07:00,2025-04-05T20:22:51-07:00,0,0
style.css,69,css,8860acf4,SupriyaaChordia,2025-04-12,00:13:11,-07:00,2025-04-12T00:13:11-07:00,0,0
style.css,70,css,8860acf4,SupriyaaChordia,2025-04-12,00:13:11,-07:00,2025-04-12T00:13:11-07:00,0,4
style.css,71,css,8860acf4,SupriyaaChordia,2025-04-12,00:13:11,-07:00,2025-04-12T00:13:11-07:00,1,12
style.css,72,css,8860acf4,SupriyaaChordia,2025-04-12,00:13:11,-07:00,2025-04-12T00:13:11-07:00,1,30
style.css,73,css,8860acf4,SupriyaaChordia,2025-04-12,00:13:11,-07:00,2025-04-12T00:13:11-07:00,1,7
style.css,74,css,8860acf4,SupriyaaChordia,2025-04-12,00:13:11,-07:00,2025-04-12T00:13:11-07:00,0,0
style.css,75,css,8860acf4,SupriyaaChordia,2025-04-12,00:13:11,-07:00,2025-04-12T00:13:11-07:00,0,0
style.css,76,css,8860acf4,SupriyaaChordia,2025-04-12,00:13:11,-07:00,2025-04-12T00:13:11-07:00,0,5
style.css,77,css,8860acf4,SupriyaaChordia,2025-04-12,00:13:11,-07:00,2025-04-12T00:13:11-07:00,1,12
style.css,78,css,8860acf4,SupriyaaChordia,2025-04-12,00:13:11,-07:00,2025-04-12T00:13:11-07:00,1,29
style.css,79,css,8860acf4,SupriyaaChordia,2025-04-12,00:13:11,-07:00,2025-04-12T00:13:11-07:00,1,18
style.css,80,css,8860acf4,SupriyaaChordia,2025-04-12,00:13:11,-07:00,2025-04-12T00:13:11-07:00,0,0
style.css,81,css,8860acf4,SupriyaaChordia,2025-04-12,00:13:11,-07:00,2025-04-12T00:13:11-07:00,0,0
style.css,82,css,8860acf4,SupriyaaChordia,2025-04-12,00:13:11,-07:00,2025-04-12T00:13:11-07:00,0,6
style.css,83,css,8860acf4,SupriyaaChordia,2025-04-12,00:13:11,-07:00,2025-04-12T00:13:11-07:00,1,18
style.css,84,css,8860acf4,SupriyaaChordia,2025-04-12,00:13:11,-07:00,2025-04-12T00:13:11-07:00,0,0
style.css,85,css,8860acf4,SupriyaaChordia,2025-04-12,00:13:11,-07:00,2025-04-12T00:13:11-07:00,0,0
style.css,86,css,8860acf4,SupriyaaChordia,2025-04-12,00:13:11,-07:00,2025-04-12T00:13:11-07:00,0,23
style.css,87,css,8860acf4,SupriyaaChordia,2025-04-12,00:13:11,-07:00,2025-04-12T00:13:11-07:00,1,12
style.css,88,css,73f250ce,SupriyaaChordia,2025-04-12,00:37:39,-07:00,2025-04-12T00:37:39-07:00,0,0
style.css,89,css,73f250ce,SupriyaaChordia,2025-04-12,00:37:39,-07:00,2025-04-12T00:37:39-07:00,0,0
style.css,90,css,73f250ce,SupriyaaChordia,2025-04-12,00:37:39,-07:00,2025-04-12T00:37:39-07:00,0,9
style.css,91,css,73f250ce,SupriyaaChordia,2025-04-12,00:37:39,-07:00,2025-04-12T00:37:39-07:00,1,12
style.css,92,css,73f250ce,SupriyaaChordia,2025-04-12,00:37:39,-07:00,2025-04-12T00:37:39-07:00,1,58
style.css,93,css,73f250ce,SupriyaaChordia,2025-04-12,00:37:39,-07:00,2025-04-12T00:37:39-07:00,1,7
style.css,94,css,73f250ce,SupriyaaChordia,2025-04-12,00:37:39,-07:00,2025-04-12T00:37:39-07:00,0,0
style.css,95,css,73f250ce,SupriyaaChordia,2025-04-12,00:37:39,-07:00,2025-04-12T00:37:39-07:00,0,0
style.css,96,css,73f250ce,SupriyaaChordia,2025-04-12,00:37:39,-07:00,2025-04-12T00:37:39-07:00,0,7
style.css,97,css,73f250ce,SupriyaaChordia,2025-04-12,00:37:39,-07:00,2025-04-12T00:37:39-07:00,1,26
style.css,98,css,73f250ce,SupriyaaChordia,2025-04-12,00:37:39,-07:00,2025-04-12T00:37:39-07:00,1,15
style.css,99,css,73f250ce,SupriyaaChordia,2025-04-12,00:37:39,-07:00,2025-04-12T00:37:39-07:00,1,6
style.css,100,css,73f250ce,SupriyaaChordia,2025-04-12,00:37:39,-07:00,2025-04-12T00:37:39-07:00,0,0
style.css,101,css,73f250ce,SupriyaaChordia,2025-04-12,00:37:39,-07:00,2025-04-12T00:37:39-07:00,0,0
style.css,102,css,73f250ce,SupriyaaChordia,2025-04-12,00:37:39,-07:00,2025-04-12T00:37:39-07:00,0,2
style.css,103,css,9e727c26,SupriyaaChordia,2025-04-25,19:18:14,-07:00,2025-04-25T19:18:14-07:00,1,14
style.css,104,css,73f250ce,SupriyaaChordia,2025-04-12,00:37:39,-07:00,2025-04-12T00:37:39-07:00,0,0
style.css,105,css,73f250ce,SupriyaaChordia,2025-04-12,00:37:39,-07:00,2025-04-12T00:37:39-07:00,0,0
style.css,106,css,73f250ce,SupriyaaChordia,2025-04-12,00:37:39,-07:00,2025-04-12T00:37:39-07:00,0,2
style.css,107,css,73f250ce,SupriyaaChordia,2025-04-12,00:37:39,-07:00,2025-04-12T00:37:39-07:00,1,14
style.css,108,css,73f250ce,SupriyaaChordia,2025-04-12,00:37:39,-07:00,2025-04-12T00:37:39-07:00,0,0
style.css,109,css,73f250ce,SupriyaaChordia,2025-04-12,00:37:39,-07:00,2025-04-12T00:37:39-07:00,0,0
style.css,110,css,73f250ce,SupriyaaChordia,2025-04-12,00:37:39,-07:00,2025-04-12T00:37:39-07:00,0,22
style.css,111,css,73f250ce,SupriyaaChordia,2025-04-12,00:37:39,-07:00,2025-04-12T00:37:39-07:00,1,15
style.css,112,css,73f250ce,SupriyaaChordia,2025-04-12,00:37:39,-07:00,2025-04-12T00:37:39-07:00,1,17
style.css,113,css,0e9357c7,SupriyaaChordia,2025-04-12,01:43:34,-07:00,2025-04-12T01:43:34-07:00,0,0
style.css,114,css,0e9357c7,SupriyaaChordia,2025-04-12,01:43:34,-07:00,2025-04-12T01:43:34-07:00,0,0
style.css,115,css,0e9357c7,SupriyaaChordia,2025-04-12,01:43:34,-07:00,2025-04-12T01:43:34-07:00,0,11
style.css,116,css,bc81a67b,SupriyaaChordia,2025-04-19,22:55:47,-07:00,2025-04-19T22:55:47-07:00,1,23
style.css,117,css,0e9357c7,SupriyaaChordia,2025-04-12,01:43:34,-07:00,2025-04-12T01:43:34-07:00,0,0
style.css,118,css,0e9357c7,SupriyaaChordia,2025-04-12,01:43:34,-07:00,2025-04-12T01:43:34-07:00,0,0
style.css,119,css,bc81a67b,SupriyaaChordia,2025-04-19,22:55:47,-07:00,2025-04-19T22:55:47-07:00,0,0
style.css,120,css,0e9357c7,SupriyaaChordia,2025-04-12,01:43:34,-07:00,2025-04-12T01:43:34-07:00,0,18
style.css,121,css,0e9357c7,SupriyaaChordia,2025-04-12,01:43:34,-07:00,2025-04-12T01:43:34-07:00,1,10
style.css,122,css,0e9357c7,SupriyaaChordia,2025-04-12,01:43:34,-07:00,2025-04-12T01:43:34-07:00,0,0
style.css,123,css,0e9357c7,SupriyaaChordia,2025-04-12,01:43:34,-07:00,2025-04-12T01:43:34-07:00,0,0
style.css,124,css,0e9357c7,SupriyaaChordia,2025-04-12,01:43:34,-07:00,2025-04-12T01:43:34-07:00,0,14
style.css,125,css,0e9357c7,SupriyaaChordia,2025-04-12,01:43:34,-07:00,2025-04-12T01:43:34-07:00,1,15
style.css,126,css,0e9357c7,SupriyaaChordia,2025-04-12,01:43:34,-07:00,2025-04-12T01:43:34-07:00,1,17
style.css,127,css,ac9ea8fe,SupriyaaChordia,2025-04-12,02:12:03,-07:00,2025-04-12T02:12:03-07:00,1,18
style.css,128,css,0e9357c7,SupriyaaChordia,2025-04-12,01:43:34,-07:00,2025-04-12T01:43:34-07:00,0,0
style.css,129,css,0e9357c7,SupriyaaChordia,2025-04-12,01:43:34,-07:00,2025-04-12T01:43:34-07:00,0,0
style.css,130,css,0e9357c7,SupriyaaChordia,2025-04-12,01:43:34,-07:00,2025-04-12T01:43:34-07:00,0,13
style.css,131,css,0e9357c7,SupriyaaChordia,2025-04-12,01:43:34,-07:00,2025-04-12T01:43:34-07:00,1,8
style.css,132,css,0e9357c7,SupriyaaChordia,2025-04-12,01:43:34,-07:00,2025-04-12T01:43:34-07:00,1,9
style.css,133,css,0e9357c7,SupriyaaChordia,2025-04-12,01:43:34,-07:00,2025-04-12T01:43:34-07:00,0,0
style.css,134,css,87bbdcb3,SupriyaaChordia,2025-04-19,21:59:14,-07:00,2025-04-19T21:59:14-07:00,0,0
style.css,135,css,0e9357c7,SupriyaaChordia,2025-04-12,01:43:34,-07:00,2025-04-12T01:43:34-07:00,0,19
style.css,136,css,0e9357c7,SupriyaaChordia,2025-04-12,01:43:34,-07:00,2025-04-12T01:43:34-07:00,1,11
style.css,137,css,0e9357c7,SupriyaaChordia,2025-04-12,01:43:34,-07:00,2025-04-12T01:43:34-07:00,1,15
style.css,138,css,87bbdcb3,SupriyaaChordia,2025-04-19,21:59:14,-07:00,2025-04-19T21:59:14-07:00,0,0
style.css,139,css,87bbdcb3,SupriyaaChordia,2025-04-19,21:59:14,-07:00,2025-04-19T21:59:14-07:00,0,0
style.css,140,css,87bbdcb3,SupriyaaChordia,2025-04-19,21:59:14,-07:00,2025-04-19T21:59:14-07:00,0,13
style.css,141,css,87bbdcb3,SupriyaaChordia,2025-04-19,21:59:14,-07:00,2025-04-19T21:59:14-07:00,1,17
style.css,142,css,87bbdcb3,SupriyaaChordia,2025-04-19,21:59:14,-07:00,2025-04-19T21:59:14-07:00,1,8
style.css,143,css,87bbdcb3,SupriyaaChordia,2025-04-19,21:59:14,-07:00,2025-04-19T21:59:14-07:00,1,10
style.css,144,css,87bbdcb3,SupriyaaChordia,2025-04-19,21:59:14,-07:00,2025-04-19T21:59:14-07:00,1,13
style.css,145,css,87bbdcb3,SupriyaaChordia,2025-04-19,21:59:14,-07:00,2025-04-19T21:59:14-07:00,1,19
style.css,146,css,87bbdcb3,SupriyaaChordia,2025-04-19,21:59:14,-07:00,2025-04-19T21:59:14-07:00,0,0
style.css,147,css,87bbdcb3,SupriyaaChordia,2025-04-19,21:59:14,-07:00,2025-04-19T21:59:14-07:00,0,0
style.css,148,css,87bbdcb3,SupriyaaChordia,2025-04-19,21:59:14,-07:00,2025-04-19T21:59:14-07:00,0,31
style.css,149,css,87bbdcb3,SupriyaaChordia,2025-04-19,21:59:14,-07:00,2025-04-19T21:59:14-07:00,1,12
style.css,150,css,87bbdcb3,SupriyaaChordia,2025-04-19,21:59:14,-07:00,2025-04-19T21:59:14-07:00,0,0
style.css,151,css,6e031b86,SupriyaaChordia,2025-04-25,19:03:13,-07:00,2025-04-25T19:03:13-07:00,0,0
style.css,152,css,6e031b86,SupriyaaChordia,2025-04-25,19:03:13,-07:00,2025-04-25T19:03:13-07:00,0,17
style.css,153,css,6e031b86,SupriyaaChordia,2025-04-25,19:03:13,-07:00,2025-04-25T19:03:13-07:00,1,12
style.css,154,css,6e031b86,SupriyaaChordia,2025-04-25,19:03:13,-07:00,2025-04-25T19:03:13-07:00,1,36
style.css,155,css,6e031b86,SupriyaaChordia,2025-04-25,19:03:13,-07:00,2025-04-25T19:03:13-07:00,0,0
style.css,156,css,6e031b86,SupriyaaChordia,2025-04-25,19:03:13,-07:00,2025-04-25T19:03:13-07:00,0,0
style.css,157,css,6e031b86,SupriyaaChordia,2025-04-25,19:03:13,-07:00,2025-04-25T19:03:13-07:00,0,17
style.css,158,css,6e031b86,SupriyaaChordia,2025-04-25,19:03:13,-07:00,2025-04-25T19:03:13-07:00,1,10
style.css,159,css,6e031b86,SupriyaaChordia,2025-04-25,19:03:13,-07:00,2025-04-25T19:03:13-07:00,0,0
style.css,160,css,6e031b86,SupriyaaChordia,2025-04-25,19:03:13,-07:00,2025-04-25T19:03:13-07:00,0,0
style.css,161,css,6e031b86,SupriyaaChordia,2025-04-25,19:03:13,-07:00,2025-04-25T19:03:13-07:00,0,17
style.css,162,css,6e031b86,SupriyaaChordia,2025-04-25,19:03:13,-07:00,2025-04-25T19:03:13-07:00,1,10
style.css,163,css,6e031b86,SupriyaaChordia,2025-04-25,19:03:13,-07:00,2025-04-25T19:03:13-07:00,0,0
style.css,164,css,acbc9513,SupriyaaChordia,2025-04-25,22:34:01,-07:00,2025-04-25T22:34:01-07:00,0,0
style.css,165,css,b1d41157,SupriyaaChordia,2025-04-25,22:35:12,-07:00,2025-04-25T22:35:12-07:00,0,3
style.css,166,css,acbc9513,SupriyaaChordia,2025-04-25,22:34:01,-07:00,2025-04-25T22:34:01-07:00,1,10
style.css,167,css,acbc9513,SupriyaaChordia,2025-04-25,22:34:01,-07:00,2025-04-25T22:34:01-07:00,1,11
style.css,168,css,acbc9513,SupriyaaChordia,2025-04-25,22:34:01,-07:00,2025-04-25T22:34:01-07:00,1,16
style.css,169,css,85b13dfb,SupriyaaChordia,2025-05-02,16:29:50,-07:00,2025-05-02T16:29:50-07:00,0,0
style.css,170,css,85b13dfb,SupriyaaChordia,2025-05-02,16:29:50,-07:00,2025-05-02T16:29:50-07:00,0,0
style.css,171,css,ce45a24a,SupriyaaChordia,2025-05-02,16:33:23,-07:00,2025-05-02T16:33:23-07:00,0,12
style.css,172,css,184b0c0c,SupriyaaChordia,2025-05-02,16:40:05,-07:00,2025-05-02T16:40:05-07:00,1,15
style.css,173,css,85b13dfb,SupriyaaChordia,2025-05-02,16:29:50,-07:00,2025-05-02T16:29:50-07:00,1,23
style.css,174,css,85b13dfb,SupriyaaChordia,2025-05-02,16:29:50,-07:00,2025-05-02T16:29:50-07:00,1,33
style.css,175,css,85b13dfb,SupriyaaChordia,2025-05-02,16:29:50,-07:00,2025-05-02T16:29:50-07:00,0,0
style.css,176,css,ec5de710,SupriyaaChordia,2025-05-02,16:50:14,-07:00,2025-05-02T16:50:14-07:00,0,0
style.css,177,css,ec5de710,SupriyaaChordia,2025-05-02,16:50:14,-07:00,2025-05-02T16:50:14-07:00,0,18
style.css,178,css,ec5de710,SupriyaaChordia,2025-05-02,16:50:14,-07:00,2025-05-02T16:50:14-07:00,1,14
style.css,179,css,ec5de710,SupriyaaChordia,2025-05-02,16:50:14,-07:00,2025-05-02T16:50:14-07:00,1,16
style.css,180,css,ec5de710,SupriyaaChordia,2025-05-02,16:50:14,-07:00,2025-05-02T16:50:14-07:00,1,16
style.css,181,css,840a2cbe,SupriyaaChordia,2025-05-02,17:45:43,-07:00,2025-05-02T17:45:43-07:00,0,0
style.css,182,css,840a2cbe,SupriyaaChordia,2025-05-02,17:45:43,-07:00,2025-05-02T17:45:43-07:00,0,0
style.css,183,css,f85bea55,SupriyaaChordia,2025-05-02,17:57:16,-07:00,2025-05-02T17:57:16-07:00,0,7
style.css,184,css,840a2cbe,SupriyaaChordia,2025-05-02,17:45:43,-07:00,2025-05-02T17:45:43-07:00,1,9
style.css,185,css,840a2cbe,SupriyaaChordia,2025-05-02,17:45:43,-07:00,2025-05-02T17:45:43-07:00,1,18
style.css,186,css,840a2cbe,SupriyaaChordia,2025-05-02,17:45:43,-07:00,2025-05-02T17:45:43-07:00,1,29
style.css,187,css,840a2cbe,SupriyaaChordia,2025-05-02,17:45:43,-07:00,2025-05-02T17:45:43-07:00,1,17
style.css,188,css,840a2cbe,SupriyaaChordia,2025-05-02,17:45:43,-07:00,2025-05-02T17:45:43-07:00,1,20
style.css,189,css,840a2cbe,SupriyaaChordia,2025-05-02,17:45:43,-07:00,2025-05-02T17:45:43-07:00,0,0
style.css,190,css,840a2cbe,SupriyaaChordia,2025-05-02,17:45:43,-07:00,2025-05-02T17:45:43-07:00,0,0
style.css,191,css,840a2cbe,SupriyaaChordia,2025-05-02,17:45:43,-07:00,2025-05-02T17:45:43-07:00,0,9
style.css,192,css,840a2cbe,SupriyaaChordia,2025-05-02,17:45:43,-07:00,2025-05-02T17:45:43-07:00,1,12
style.css,193,css,840a2cbe,SupriyaaChordia,2025-05-02,17:45:43,-07:00,2025-05-02T17:45:43-07:00,1,57
style.css,194,css,88d59364,SupriyaaChordia,2025-05-02,21:07:43,-07:00,2025-05-02T21:07:43-07:00,1,9
style.css,195,css,f85bea55,SupriyaaChordia,2025-05-02,17:57:16,-07:00,2025-05-02T17:57:16-07:00,1,36
style.css,196,css,5f671e5d,SupriyaaChordia,2025-05-02,23:05:10,-07:00,2025-05-02T23:05:10-07:00,1,11
style.css,197,css,0f0ac995,SupriyaaChordia,2025-05-02,20:54:29,-07:00,2025-05-02T20:54:29-07:00,1,12
style.css,198,css,d973e6e4,SupriyaaChordia,2025-05-02,18:12:25,-07:00,2025-05-02T18:12:25-07:00,1,6
style.css,199,css,840a2cbe,SupriyaaChordia,2025-05-02,17:45:43,-07:00,2025-05-02T17:45:43-07:00,0,0
style.css,200,css,840a2cbe,SupriyaaChordia,2025-05-02,17:45:43,-07:00,2025-05-02T17:45:43-07:00,0,0
style.css,201,css,840a2cbe,SupriyaaChordia,2025-05-02,17:45:43,-07:00,2025-05-02T17:45:43-07:00,0,13
style.css,202,css,840a2cbe,SupriyaaChordia,2025-05-02,17:45:43,-07:00,2025-05-02T17:45:43-07:00,1,12
style.css,203,css,df873bd0,SupriyaaChordia,2025-05-02,18:34:10,-07:00,2025-05-02T18:34:10-07:00,1,18
style.css,204,css,b86c0ba5,SupriyaaChordia,2025-05-02,21:02:07,-07:00,2025-05-02T21:02:07-07:00,1,10
style.css,205,css,94b192a5,SupriyaaChordia,2025-05-02,18:11:00,-07:00,2025-05-02T18:11:00-07:00,0,0
style.css,206,css,94b192a5,SupriyaaChordia,2025-05-02,18:11:00,-07:00,2025-05-02T18:11:00-07:00,0,0
style.css,207,css,94b192a5,SupriyaaChordia,2025-05-02,18:11:00,-07:00,2025-05-02T18:11:00-07:00,0,13
style.css,208,css,d973e6e4,SupriyaaChordia,2025-05-02,18:12:25,-07:00,2025-05-02T18:12:25-07:00,1,12
style.css,209,css,2b93bbb7,SupriyaaChordia,2025-05-02,21:05:45,-07:00,2025-05-02T21:05:45-07:00,1,9
style.css,210,css,0f0ac995,SupriyaaChordia,2025-05-02,20:54:29,-07:00,2025-05-02T20:54:29-07:00,1,18
style.css,211,css,5f671e5d,SupriyaaChordia,2025-05-02,23:05:10,-07:00,2025-05-02T23:05:10-07:00,0,0
style.css,212,css,5f671e5d,SupriyaaChordia,2025-05-02,23:05:10,-07:00,2025-05-02T23:05:10-07:00,0,0
style.css,213,css,5f671e5d,SupriyaaChordia,2025-05-02,23:05:10,-07:00,2025-05-02T23:05:10-07:00,0,17
style.css,214,css,5f671e5d,SupriyaaChordia,2025-05-02,23:05:10,-07:00,2025-05-02T23:05:10-07:00,1,16
style.css,215,css,5f671e5d,SupriyaaChordia,2025-05-02,23:05:10,-07:00,2025-05-02T23:05:10-07:00,2,11
style.css,216,css,5f671e5d,SupriyaaChordia,2025-05-02,23:05:10,-07:00,2025-05-02T23:05:10-07:00,1,0
style.css,217,css,5f671e5d,SupriyaaChordia,2025-05-02,23:05:10,-07:00,2025-05-02T23:05:10-07:00,0,0
style.css,218,css,5f671e5d,SupriyaaChordia,2025-05-02,23:05:10,-07:00,2025-05-02T23:05:10-07:00,0,0
style.css,219,css,5f671e5d,SupriyaaChordia,2025-05-02,23:05:10,-07:00,2025-05-02T23:05:10-07:00,0,4
style.css,220,css,5f671e5d,SupriyaaChordia,2025-05-02,23:05:10,-07:00,2025-05-02T23:05:10-07:00,1,16
style.css,221,css,5f671e5d,SupriyaaChordia,2025-05-02,23:05:10,-07:00,2025-05-02T23:05:10-07:00,1,14
style.css,222,css,5f671e5d,SupriyaaChordia,2025-05-02,23:05:10,-07:00,2025-05-02T23:05:10-07:00,0,0
style.css,223,css,5f671e5d,SupriyaaChordia,2025-05-02,23:05:10,-07:00,2025-05-02T23:05:10-07:00,0,0
style.css,224,css,5f671e5d,SupriyaaChordia,2025-05-02,23:05:10,-07:00,2025-05-02T23:05:10-07:00,0,9
style.css,225,css,5f671e5d,SupriyaaChordia,2025-05-02,23:05:10,-07:00,2025-05-02T23:05:10-07:00,1,35
style.css,226,css,5f671e5d,SupriyaaChordia,2025-05-02,23:05:10,-07:00,2025-05-02T23:05:10-07:00,0,0
style.css,227,css,5f671e5d,SupriyaaChordia,2025-05-02,23:05:10,-07:00,2025-05-02T23:05:10-07:00,1,10
style.css,228,css,5f671e5d,SupriyaaChordia,2025-05-02,23:05:10,-07:00,2025-05-02T23:05:10-07:00,2,17
style.css,229,css,5f671e5d,SupriyaaChordia,2025-05-02,23:05:10,-07:00,2025-05-02T23:05:10-07:00,1,0
style.css,230,css,ec5de710,SupriyaaChordia,2025-05-02,16:50:14,-07:00,2025-05-02T16:50:14-07:00,0,0
index.js,1,js,9e5f5958,SupriyaaChordia,2025-04-25,18:53:59,-07:00,2025-04-25T18:53:59-07:00,0,71
index.js,2,js,28fe31d9,SupriyaaChordia,2025-04-25,18:36:11,-07:00,2025-04-25T18:36:11-07:00,0,29
index.js,3,js,28fe31d9,SupriyaaChordia,2025-04-25,18:36:11,-07:00,2025-04-25T18:36:11-07:00,2,54
index.js,4,js,28fe31d9,SupriyaaChordia,2025-04-25,18:36:11,-07:00,2025-04-25T18:36:11-07:00,2,42
index.js,5,js,28fe31d9,SupriyaaChordia,2025-04-25,18:36:11,-07:00,2025-04-25T18:36:11-07:00,2,60
index.js,6,js,28fe31d9,SupriyaaChordia,2025-04-25,18:36:11,-07:00,2025-04-25T18:36:11-07:00,2,54
index.js,7,js,28fe31d9,SupriyaaChordia,2025-04-25,18:36:11,-07:00,2025-04-25T18:36:11-07:00,0,0
index.js,8,js,ee90848f,SupriyaaChordia,2025-04-25,18:40:46,-07:00,2025-04-25T18:40:46-07:00,0,96
index.js,9,js,ee90848f,SupriyaaChordia,2025-04-25,18:40:46,-07:00,2025-04-25T18:40:46-07:00,0,37
index.js,10,js,28fe31d9,SupriyaaChordia,2025-04-25,18:36:11,-07:00,2025-04-25T18:36:11-07:00,0,13
index.js,11,js,40d16c07,SupriyaaChordia,2025-04-25,18:47:45,-07:00,2025-04-25T18:47:45-07:00,0,0
index.js,12,js,c0a40472,SupriyaaChordia,2025-04-25,18:53:05,-07:00,2025-04-25T18:53:05-07:00,0,34
index.js,13,js,c0a40472,SupriyaaChordia,2025-04-25,18:53:05,-07:00,2025-04-25T18:53:05-07:00,2,58
index.js,14,js,c0a40472,SupriyaaChordia,2025-04-25,18:53:05,-07:00,2025-04-25T18:53:05-07:00,2,60
index.js,15,js,c0a40472,SupriyaaChordia,2025-04-25,18:53:05,-07:00,2025-04-25T18:53:05-07:00,2,17
index.js,16,js,c0a40472,SupriyaaChordia,2025-04-25,18:53:05,-07:00,2025-04-25T18:53:05-07:00,4,24
index.js,17,js,c0a40472,SupriyaaChordia,2025-04-25,18:53:05,-07:00,2025-04-25T18:53:05-07:00,6,2
index.js,18,js,c0a40472,SupriyaaChordia,2025-04-25,18:53:05,-07:00,2025-04-25T18:53:05-07:00,8,55
index.js,19,js,c0a40472,SupriyaaChordia,2025-04-25,18:53:05,-07:00,2025-04-25T18:53:05-07:00,8,55
index.js,20,js,c0a40472,SupriyaaChordia,2025-04-25,18:53:05,-07:00,2025-04-25T18:53:05-07:00,8,49
index.js,21,js,c0a40472,SupriyaaChordia,2025-04-25,18:53:05,-07:00,2025-04-25T18:53:05-07:00,8,49
index.js,22,js,c0a40472,SupriyaaChordia,2025-04-25,18:53:05,-07:00,2025-04-25T18:53:05-07:00,6,3
index.js,23,js,c0a40472,SupriyaaChordia,2025-04-25,18:53:05,-07:00,2025-04-25T18:53:05-07:00,4,0
index.js,24,js,c0a40472,SupriyaaChordia,2025-04-25,18:53:05,-07:00,2025-04-25T18:53:05-07:00,2,0
index.js,25,js,40d16c07,SupriyaaChordia,2025-04-25,18:47:45,-07:00,2025-04-25T18:47:45-07:00,0,0
index.js,26,js,c0a40472,SupriyaaChordia,2025-04-25,18:53:05,-07:00,2025-04-25T18:53:05-07:00,0,18
index.html,1,html,e64bc819,SupriyaaChordia,2025-04-05,19:18:59,-07:00,2025-04-05T19:18:59-07:00,0,13
index.html,2,html,87bbdcb3,SupriyaaChordia,2025-04-19,21:59:14,-07:00,2025-04-19T21:59:14-07:00,0,14
index.html,3,html,e64bc819,SupriyaaChordia,2025-04-05,19:18:59,-07:00,2025-04-05T19:18:59-07:00,0,4
index.html,4,html,9c1b887d,SupriyaaChordia,2025-04-11,22:24:58,-07:00,2025-04-11T22:24:58-07:00,2,38
index.html,5,html,e64bc819,SupriyaaChordia,2025-04-05,19:18:59,-07:00,2025-04-05T19:18:59-07:00,2,20
index.html,6,html,e64bc819,SupriyaaChordia,2025-04-05,19:18:59,-07:00,2025-04-05T19:18:59-07:00,2,68
index.html,7,html,e64bc819,SupriyaaChordia,2025-04-05,19:18:59,-07:00,2025-04-05T19:18:59-07:00,2,58
index.html,8,html,e64bc819,SupriyaaChordia,2025-04-05,19:18:59,-07:00,2025-04-05T19:18:59-07:00,0,5
index.html,9,html,e64bc819,SupriyaaChordia,2025-04-05,19:18:59,-07:00,2025-04-05T19:18:59-07:00,0,4
index.html,10,html,6e3756e3,SupriyaaChordia,2025-04-19,14:34:33,-07:00,2025-04-19T14:34:33-07:00,2,45
index.html,11,html,f1124f37,SupriyaaChordia,2025-04-19,15:01:03,-07:00,2025-04-19T15:01:03-07:00,2,8
index.html,12,html,fc8af5a1,SupriyaaChordia,2025-04-05,21:01:03,-07:00,2025-04-05T21:01:03-07:00,4,2
index.html,13,html,f23ce85e,SupriyaaChordia,2025-04-19,14:53:22,-07:00,2025-04-19T14:53:22-07:00,5,36
index.html,14,html,fc8af5a1,SupriyaaChordia,2025-04-05,21:01:03,-07:00,2025-04-05T21:01:03-07:00,5,49
index.html,15,html,fc8af5a1,SupriyaaChordia,2025-04-05,21:01:03,-07:00,2025-04-05T21:01:03-07:00,5,47
index.html,16,html,67f99d7b,SupriyaaChordia,2025-04-05,22:15:39,-07:00,2025-04-05T22:15:39-07:00,5,45
index.html,17,html,fc8af5a1,SupriyaaChordia,2025-04-05,21:01:03,-07:00,2025-04-05T21:01:03-07:00,5,78
index.html,18,html,fc8af5a1,SupriyaaChordia,2025-04-05,21:01:03,-07:00,2025-04-05T21:01:03-07:00,4,3
index.html,19,html,f1124f37,SupriyaaChordia,2025-04-19,15:01:03,-07:00,2025-04-19T15:01:03-07:00,2,8
index.html,20,html,67f99d7b,SupriyaaChordia,2025-04-05,22:15:39,-07:00,2025-04-05T22:15:39-07:00,2,23
index.html,21,html,67f99d7b,SupriyaaChordia,2025-04-05,22:15:39,-07:00,2025-04-05T22:15:39-07:00,2,830
index.html,22,html,027ed156,SupriyaaChordia,2025-04-25,22:46:33,-07:00,2025-04-25T22:46:33-07:00,2,139
index.html,23,html,baaef053,SupriyaaChordia,2025-04-25,18:24:47,-07:00,2025-04-25T18:24:47-07:00,2,22
index.html,24,html,baaef053,SupriyaaChordia,2025-04-25,18:24:47,-07:00,2025-04-25T18:24:47-07:00,2,20
index.html,25,html,baaef053,SupriyaaChordia,2025-04-25,18:24:47,-07:00,2025-04-25T18:24:47-07:00,2,4
index.html,26,html,6e031b86,SupriyaaChordia,2025-04-25,19:03:13,-07:00,2025-04-25T19:03:13-07:00,2,22
index.html,27,html,6e031b86,SupriyaaChordia,2025-04-25,19:03:13,-07:00,2025-04-25T19:03:13-07:00,2,22
index.html,28,html,6e031b86,SupriyaaChordia,2025-04-25,19:03:13,-07:00,2025-04-25T19:03:13-07:00,2,4
index.html,29,html,27e504d5,SupriyaaChordia,2025-04-25,19:05:40,-07:00,2025-04-25T19:05:40-07:00,2,50
index.html,30,html,e64bc819,SupriyaaChordia,2025-04-05,19:18:59,-07:00,2025-04-05T19:18:59-07:00,0,5
index.html,31,html,00443a4a,SupriyaaChordia,2025-04-11,17:27:35,-07:00,2025-04-11T17:27:35-07:00,0,5
global.js,1,js,82ad059f,SupriyaaChordia,2025-04-19,14:21:21,-07:00,2025-04-19T14:21:21-07:00,0,25
global.js,2,js,82ad059f,SupriyaaChordia,2025-04-19,14:21:21,-07:00,2025-04-19T14:21:21-07:00,0,0
global.js,3,js,82ad059f,SupriyaaChordia,2025-04-19,14:21:21,-07:00,2025-04-19T14:21:21-07:00,0,41
global.js,4,js,82ad059f,SupriyaaChordia,2025-04-19,14:21:21,-07:00,2025-04-19T14:21:21-07:00,1,52
global.js,5,js,f23ce85e,SupriyaaChordia,2025-04-19,14:53:22,-07:00,2025-04-19T14:53:22-07:00,0,0
global.js,6,js,0e3eb79b,SupriyaaChordia,2025-04-19,15:12:23,-07:00,2025-04-19T15:12:23-07:00,0,23
global.js,7,js,0e3eb79b,SupriyaaChordia,2025-04-19,15:12:23,-07:00,2025-04-19T15:12:23-07:00,0,33
global.js,8,js,0e3eb79b,SupriyaaChordia,2025-04-19,15:12:23,-07:00,2025-04-19T15:12:23-07:00,0,73
global.js,9,js,0e3eb79b,SupriyaaChordia,2025-04-19,15:12:23,-07:00,2025-04-19T15:12:23-07:00,0,5
global.js,10,js,0e3eb79b,SupriyaaChordia,2025-04-19,15:12:23,-07:00,2025-04-19T15:12:23-07:00,0,41
global.js,11,js,f1124f37,SupriyaaChordia,2025-04-19,15:01:03,-07:00,2025-04-19T15:01:03-07:00,0,0
global.js,12,js,a47f724c,SupriyaaChordia,2025-04-19,15:23:50,-07:00,2025-04-19T15:23:50-07:00,0,88
global.js,13,js,a47f724c,SupriyaaChordia,2025-04-19,15:23:50,-07:00,2025-04-19T15:23:50-07:00,1,36
global.js,14,js,ec3f52d1,SupriyaaChordia,2025-04-19,15:31:04,-07:00,2025-04-19T15:31:04-07:00,1,48
global.js,15,js,a47f724c,SupriyaaChordia,2025-04-19,15:23:50,-07:00,2025-04-19T15:23:50-07:00,0,0
global.js,16,js,f1124f37,SupriyaaChordia,2025-04-19,15:01:03,-07:00,2025-04-19T15:01:03-07:00,0,11
global.js,17,js,f1124f37,SupriyaaChordia,2025-04-19,15:01:03,-07:00,2025-04-19T15:01:03-07:00,0,25
global.js,18,js,f1124f37,SupriyaaChordia,2025-04-19,15:01:03,-07:00,2025-04-19T15:01:03-07:00,0,38
global.js,19,js,f1124f37,SupriyaaChordia,2025-04-19,15:01:03,-07:00,2025-04-19T15:01:03-07:00,0,34
global.js,20,js,f1124f37,SupriyaaChordia,2025-04-19,15:01:03,-07:00,2025-04-19T15:01:03-07:00,0,36
global.js,21,js,07ecb3d4,SupriyaaChordia,2025-05-09,20:31:05,-07:00,2025-05-09T20:31:05-07:00,0,71
global.js,22,js,07ecb3d4,SupriyaaChordia,2025-05-09,20:31:05,-07:00,2025-05-09T20:31:05-07:00,0,28
global.js,23,js,f1124f37,SupriyaaChordia,2025-04-19,15:01:03,-07:00,2025-04-19T15:01:03-07:00,0,0
global.js,24,js,f1124f37,SupriyaaChordia,2025-04-19,15:01:03,-07:00,2025-04-19T15:01:03-07:00,0,0
global.js,25,js,f1124f37,SupriyaaChordia,2025-04-19,15:01:03,-07:00,2025-04-19T15:01:03-07:00,0,38
global.js,26,js,f1124f37,SupriyaaChordia,2025-04-19,15:01:03,-07:00,2025-04-19T15:01:03-07:00,0,25
global.js,27,js,f1124f37,SupriyaaChordia,2025-04-19,15:01:03,-07:00,2025-04-19T15:01:03-07:00,0,0
global.js,28,js,f1124f37,SupriyaaChordia,2025-04-19,15:01:03,-07:00,2025-04-19T15:01:03-07:00,0,20
global.js,29,js,f1124f37,SupriyaaChordia,2025-04-19,15:01:03,-07:00,2025-04-19T15:01:03-07:00,2,14
global.js,30,js,924da78d,SupriyaaChordia,2025-04-19,15:27:41,-07:00,2025-04-19T15:27:41-07:00,2,52
global.js,31,js,f1124f37,SupriyaaChordia,2025-04-19,15:01:03,-07:00,2025-04-19T15:01:03-07:00,2,18
global.js,32,js,2d3475a6,SupriyaaChordia,2025-04-19,15:16:57,-07:00,2025-04-19T15:16:57-07:00,2,30
global.js,33,js,6e311ee5,SupriyaaChordia,2025-04-19,15:18:28,-07:00,2025-04-19T15:18:28-07:00,2,34
global.js,34,js,6e311ee5,SupriyaaChordia,2025-04-19,15:18:28,-07:00,2025-04-19T15:18:28-07:00,2,11
global.js,35,js,6e311ee5,SupriyaaChordia,2025-04-19,15:18:28,-07:00,2025-04-19T15:18:28-07:00,2,20
global.js,36,js,d2d15bed,SupriyaaChordia,2025-04-19,16:09:57,-07:00,2025-04-19T16:09:57-07:00,2,17
global.js,37,js,d2d15bed,SupriyaaChordia,2025-04-19,16:09:57,-07:00,2025-04-19T16:09:57-07:00,4,8
global.js,38,js,d2d15bed,SupriyaaChordia,2025-04-19,16:09:57,-07:00,2025-04-19T16:09:57-07:00,4,59
global.js,39,js,d2d15bed,SupriyaaChordia,2025-04-19,16:09:57,-07:00,2025-04-19T16:09:57-07:00,3,0
global.js,40,js,9add8782,SupriyaaChordia,2025-04-19,21:32:07,-07:00,2025-04-19T21:32:07-07:00,2,29
global.js,41,js,9add8782,SupriyaaChordia,2025-04-19,21:32:07,-07:00,2025-04-19T21:32:07-07:00,4,40
global.js,42,js,9add8782,SupriyaaChordia,2025-04-19,21:32:07,-07:00,2025-04-19T21:32:07-07:00,4,56
global.js,43,js,9add8782,SupriyaaChordia,2025-04-19,21:32:07,-07:00,2025-04-19T21:32:07-07:00,3,0
global.js,44,js,6e311ee5,SupriyaaChordia,2025-04-19,15:18:28,-07:00,2025-04-19T15:18:28-07:00,2,12
global.js,45,js,d2d15bed,SupriyaaChordia,2025-04-19,16:09:57,-07:00,2025-04-19T16:09:57-07:00,0,0
global.js,46,js,87bbdcb3,SupriyaaChordia,2025-04-19,21:59:14,-07:00,2025-04-19T21:59:14-07:00,0,0
global.js,47,js,87bbdcb3,SupriyaaChordia,2025-04-19,21:59:14,-07:00,2025-04-19T21:59:14-07:00,0,31
global.js,48,js,87bbdcb3,SupriyaaChordia,2025-04-19,21:59:14,-07:00,2025-04-19T21:59:14-07:00,2,11
global.js,49,js,87bbdcb3,SupriyaaChordia,2025-04-19,21:59:14,-07:00,2025-04-19T21:59:14-07:00,2,0
global.js,50,js,87bbdcb3,SupriyaaChordia,2025-04-19,21:59:14,-07:00,2025-04-19T21:59:14-07:00,2,26
global.js,51,js,87bbdcb3,SupriyaaChordia,2025-04-19,21:59:14,-07:00,2025-04-19T21:59:14-07:00,4,4
global.js,52,js,87bbdcb3,SupriyaaChordia,2025-04-19,21:59:14,-07:00,2025-04-19T21:59:14-07:00,4,6
global.js,53,js,87bbdcb3,SupriyaaChordia,2025-04-19,21:59:14,-07:00,2025-04-19T21:59:14-07:00,8,43
global.js,54,js,87bbdcb3,SupriyaaChordia,2025-04-19,21:59:14,-07:00,2025-04-19T21:59:14-07:00,8,34
global.js,55,js,87bbdcb3,SupriyaaChordia,2025-04-19,21:59:14,-07:00,2025-04-19T21:59:14-07:00,8,32
global.js,56,js,87bbdcb3,SupriyaaChordia,2025-04-19,21:59:14,-07:00,2025-04-19T21:59:14-07:00,4,7
global.js,57,js,87bbdcb3,SupriyaaChordia,2025-04-19,21:59:14,-07:00,2025-04-19T21:59:14-07:00,2,8
global.js,58,js,4114928a,SupriyaaChordia,2025-04-19,22:06:27,-07:00,2025-04-19T22:06:27-07:00,1,0
global.js,59,js,1e490bb6,SupriyaaChordia,2025-04-19,22:17:24,-07:00,2025-04-19T22:17:24-07:00,0,60
global.js,60,js,1e490bb6,SupriyaaChordia,2025-04-19,22:17:24,-07:00,2025-04-19T22:17:24-07:00,0,0
global.js,61,js,1e490bb6,SupriyaaChordia,2025-04-19,22:17:24,-07:00,2025-04-19T22:17:24-07:00,0,34
global.js,62,js,bc81a67b,SupriyaaChordia,2025-04-19,22:55:47,-07:00,2025-04-19T22:55:47-07:00,2,37
global.js,63,js,bc81a67b,SupriyaaChordia,2025-04-19,22:55:47,-07:00,2025-04-19T22:55:47-07:00,2,19
global.js,64,js,bc81a67b,SupriyaaChordia,2025-04-19,22:55:47,-07:00,2025-04-19T22:55:47-07:00,2,64
global.js,65,js,a5d9f7f8,SupriyaaChordia,2025-04-19,22:23:16,-07:00,2025-04-19T22:23:16-07:00,0,0
global.js,66,js,a5d9f7f8,SupriyaaChordia,2025-04-19,22:23:16,-07:00,2025-04-19T22:23:16-07:00,0,0
global.js,67,js,bc81a67b,SupriyaaChordia,2025-04-19,22:55:47,-07:00,2025-04-19T22:55:47-07:00,0,49
global.js,68,js,bc81a67b,SupriyaaChordia,2025-04-19,22:55:47,-07:00,2025-04-19T22:55:47-07:00,2,31
global.js,69,js,bc81a67b,SupriyaaChordia,2025-04-19,22:55:47,-07:00,2025-04-19T22:55:47-07:00,2,44
global.js,70,js,bc81a67b,SupriyaaChordia,2025-04-19,22:55:47,-07:00,2025-04-19T22:55:47-07:00,2,31
global.js,71,js,bc81a67b,SupriyaaChordia,2025-04-19,22:55:47,-07:00,2025-04-19T22:55:47-07:00,2,64
global.js,72,js,991562f0,SupriyaaChordia,2025-04-25,16:38:37,-07:00,2025-04-25T16:38:37-07:00,1,1
global.js,73,js,991562f0,SupriyaaChordia,2025-04-25,16:38:37,-07:00,2025-04-25T16:38:37-07:00,0,0
global.js,74,js,991562f0,SupriyaaChordia,2025-04-25,16:38:37,-07:00,2025-04-25T16:38:37-07:00,1,36
global.js,75,js,991562f0,SupriyaaChordia,2025-04-25,16:38:37,-07:00,2025-04-25T16:38:37-07:00,2,3
global.js,76,js,991562f0,SupriyaaChordia,2025-04-25,16:38:37,-07:00,2025-04-25T16:38:37-07:00,3,39
global.js,77,js,991562f0,SupriyaaChordia,2025-04-25,16:38:37,-07:00,2025-04-25T16:38:37-07:00,3,32
global.js,78,js,422d4e14,SupriyaaChordia,2025-04-25,16:45:00,-07:00,2025-04-25T16:45:00-07:00,3,19
global.js,79,js,991562f0,SupriyaaChordia,2025-04-25,16:38:37,-07:00,2025-04-25T16:38:37-07:00,3,17
global.js,80,js,991562f0,SupriyaaChordia,2025-04-25,16:38:37,-07:00,2025-04-25T16:38:37-07:00,4,66
global.js,81,js,991562f0,SupriyaaChordia,2025-04-25,16:38:37,-07:00,2025-04-25T16:38:37-07:00,3,0
global.js,82,js,01bbf63e,SupriyaaChordia,2025-04-25,17:19:43,-07:00,2025-04-25T17:19:43-07:00,3,33
global.js,83,js,01bbf63e,SupriyaaChordia,2025-04-25,17:19:43,-07:00,2025-04-25T17:19:43-07:00,2,10
global.js,84,js,991562f0,SupriyaaChordia,2025-04-25,16:38:37,-07:00,2025-04-25T16:38:37-07:00,2,15
global.js,85,js,991562f0,SupriyaaChordia,2025-04-25,16:38:37,-07:00,2025-04-25T16:38:37-07:00,3,59
global.js,86,js,991562f0,SupriyaaChordia,2025-04-25,16:38:37,-07:00,2025-04-25T16:38:37-07:00,2,0
global.js,87,js,991562f0,SupriyaaChordia,2025-04-25,16:38:37,-07:00,2025-04-25T16:38:37-07:00,1,0
global.js,88,js,84afa8cd,SupriyaaChordia,2025-04-25,17:15:25,-07:00,2025-04-25T17:15:25-07:00,1,39
global.js,89,js,664753d2,SupriyaaChordia,2025-04-25,17:47:41,-07:00,2025-04-25T17:47:41-07:00,0,0
global.js,90,js,664753d2,SupriyaaChordia,2025-04-25,17:47:41,-07:00,2025-04-25T17:47:41-07:00,1,78
global.js,91,js,664753d2,SupriyaaChordia,2025-04-25,17:47:41,-07:00,2025-04-25T17:47:41-07:00,2,30
global.js,92,js,664753d2,SupriyaaChordia,2025-04-25,17:47:41,-07:00,2025-04-25T17:47:41-07:00,2,24
global.js,93,js,664753d2,SupriyaaChordia,2025-04-25,17:47:41,-07:00,2025-04-25T17:47:41-07:00,3,48
global.js,94,js,664753d2,SupriyaaChordia,2025-04-25,17:47:41,-07:00,2025-04-25T17:47:41-07:00,3,19
global.js,95,js,664753d2,SupriyaaChordia,2025-04-25,17:47:41,-07:00,2025-04-25T17:47:41-07:00,3,43
global.js,96,js,664753d2,SupriyaaChordia,2025-04-25,17:47:41,-07:00,2025-04-25T17:47:41-07:00,3,37
global.js,97,js,85b13dfb,SupriyaaChordia,2025-05-02,16:29:50,-07:00,2025-05-02T16:29:50-07:00,3,3
global.js,98,js,664753d2,SupriyaaChordia,2025-04-25,17:47:41,-07:00,2025-04-25T17:47:41-07:00,3,21
global.js,99,js,ce45a24a,SupriyaaChordia,2025-05-02,16:33:23,-07:00,2025-05-02T16:33:23-07:00,3,42
global.js,100,js,85b13dfb,SupriyaaChordia,2025-05-02,16:29:50,-07:00,2025-05-02T16:29:50-07:00,3,4
global.js,101,js,664753d2,SupriyaaChordia,2025-04-25,17:47:41,-07:00,2025-04-25T17:47:41-07:00,3,0
global.js,102,js,664753d2,SupriyaaChordia,2025-04-25,17:47:41,-07:00,2025-04-25T17:47:41-07:00,3,36
global.js,103,js,664753d2,SupriyaaChordia,2025-04-25,17:47:41,-07:00,2025-04-25T17:47:41-07:00,2,0
global.js,104,js,40d16c07,SupriyaaChordia,2025-04-25,18:47:45,-07:00,2025-04-25T18:47:45-07:00,1,0
global.js,105,js,40d16c07,SupriyaaChordia,2025-04-25,18:47:45,-07:00,2025-04-25T18:47:45-07:00,0,0
global.js,106,js,40d16c07,SupriyaaChordia,2025-04-25,18:47:45,-07:00,2025-04-25T18:47:45-07:00,1,47
global.js,107,js,40d16c07,SupriyaaChordia,2025-04-25,18:47:45,-07:00,2025-04-25T18:47:45-07:00,2,22
global.js,108,js,c51f84b8,SupriyaaChordia,2025-04-25,18:56:10,-07:00,2025-04-25T18:56:10-07:00,2,59
global.js,109,js,40d16c07,SupriyaaChordia,2025-04-25,18:47:45,-07:00,2025-04-25T18:47:45-07:00,1,0
global.js,110,js,40d16c07,SupriyaaChordia,2025-04-25,18:47:45,-07:00,2025-04-25T18:47:45-07:00,1,0
resume/index.html,1,html,e1ee5033,SupriyaaChordia,2025-04-05,21:29:45,-07:00,2025-04-05T21:29:45-07:00,0,13
resume/index.html,2,html,87bbdcb3,SupriyaaChordia,2025-04-19,21:59:14,-07:00,2025-04-19T21:59:14-07:00,0,14
resume/index.html,3,html,e1ee5033,SupriyaaChordia,2025-04-05,21:29:45,-07:00,2025-04-05T21:29:45-07:00,0,4
resume/index.html,4,html,dc5c1d20,SupriyaaChordia,2025-04-11,22:42:56,-07:00,2025-04-11T22:42:56-07:00,2,41
resume/index.html,5,html,e1ee5033,SupriyaaChordia,2025-04-05,21:29:45,-07:00,2025-04-05T21:29:45-07:00,2,20
resume/index.html,6,html,e1ee5033,SupriyaaChordia,2025-04-05,21:29:45,-07:00,2025-04-05T21:29:45-07:00,2,68
resume/index.html,7,html,33c56795,SupriyaaChordia,2025-04-05,21:51:30,-07:00,2025-04-05T21:51:30-07:00,2,19
resume/index.html,8,html,e1ee5033,SupriyaaChordia,2025-04-05,21:29:45,-07:00,2025-04-05T21:29:45-07:00,0,5
resume/index.html,9,html,e55378d0,SupriyaaChordia,2025-04-12,01:49:00,-07:00,2025-04-12T01:49:00-07:00,0,19
resume/index.html,10,html,8cd98b00,SupriyaaChordia,2025-04-19,14:36:40,-07:00,2025-04-19T14:36:40-07:00,2,48
resume/index.html,11,html,016fe057,SupriyaaChordia,2025-04-19,15:03:51,-07:00,2025-04-19T15:03:51-07:00,2,8
resume/index.html,12,html,e1ee5033,SupriyaaChordia,2025-04-05,21:29:45,-07:00,2025-04-05T21:29:45-07:00,4,2
resume/index.html,13,html,e1ee5033,SupriyaaChordia,2025-04-05,21:29:45,-07:00,2025-04-05T21:29:45-07:00,5,39
resume/index.html,14,html,e1ee5033,SupriyaaChordia,2025-04-05,21:29:45,-07:00,2025-04-05T21:29:45-07:00,5,52
resume/index.html,15,html,33c56795,SupriyaaChordia,2025-04-05,21:51:30,-07:00,2025-04-05T21:51:30-07:00,5,50
resume/index.html,16,html,f23ce85e,SupriyaaChordia,2025-04-19,14:53:22,-07:00,2025-04-19T14:53:22-07:00,5,38
resume/index.html,17,html,e1ee5033,SupriyaaChordia,2025-04-05,21:29:45,-07:00,2025-04-05T21:29:45-07:00,5,78
resume/index.html,18,html,e1ee5033,SupriyaaChordia,2025-04-05,21:29:45,-07:00,2025-04-05T21:29:45-07:00,4,3
resume/index.html,19,html,016fe057,SupriyaaChordia,2025-04-19,15:03:51,-07:00,2025-04-19T15:03:51-07:00,2,8
resume/index.html,20,html,33c56795,SupriyaaChordia,2025-04-05,21:51:30,-07:00,2025-04-05T21:51:30-07:00,2,6
resume/index.html,21,html,33c56795,SupriyaaChordia,2025-04-05,21:51:30,-07:00,2025-04-05T21:51:30-07:00,4,23
resume/index.html,22,html,33c56795,SupriyaaChordia,2025-04-05,21:51:30,-07:00,2025-04-05T21:51:30-07:00,4,1
resume/index.html,23,html,33c56795,SupriyaaChordia,2025-04-05,21:51:30,-07:00,2025-04-05T21:51:30-07:00,6,46
resume/index.html,24,html,33c56795,SupriyaaChordia,2025-04-05,21:51:30,-07:00,2025-04-05T21:51:30-07:00,6,57
resume/index.html,25,html,33c56795,SupriyaaChordia,2025-04-05,21:51:30,-07:00,2025-04-05T21:51:30-07:00,6,63
resume/index.html,26,html,33c56795,SupriyaaChordia,2025-04-05,21:51:30,-07:00,2025-04-05T21:51:30-07:00,6,24
resume/index.html,27,html,33c56795,SupriyaaChordia,2025-04-05,21:51:30,-07:00,2025-04-05T21:51:30-07:00,4,2
resume/index.html,28,html,33c56795,SupriyaaChordia,2025-04-05,21:51:30,-07:00,2025-04-05T21:51:30-07:00,2,7
resume/index.html,29,html,33c56795,SupriyaaChordia,2025-04-05,21:51:30,-07:00,2025-04-05T21:51:30-07:00,2,7
resume/index.html,30,html,33c56795,SupriyaaChordia,2025-04-05,21:51:30,-07:00,2025-04-05T21:51:30-07:00,4,16
resume/index.html,31,html,33c56795,SupriyaaChordia,2025-04-05,21:51:30,-07:00,2025-04-05T21:51:30-07:00,4,2
resume/index.html,32,html,33c56795,SupriyaaChordia,2025-04-05,21:51:30,-07:00,2025-04-05T21:51:30-07:00,6,2
resume/index.html,33,html,33c56795,SupriyaaChordia,2025-04-05,21:51:30,-07:00,2025-04-05T21:51:30-07:00,8,42
resume/index.html,34,html,33c56795,SupriyaaChordia,2025-04-05,21:51:30,-07:00,2025-04-05T21:51:30-07:00,8,66
resume/index.html,35,html,33c56795,SupriyaaChordia,2025-04-05,21:51:30,-07:00,2025-04-05T21:51:30-07:00,8,89
resume/index.html,36,html,33c56795,SupriyaaChordia,2025-04-05,21:51:30,-07:00,2025-04-05T21:51:30-07:00,6,3
resume/index.html,37,html,33c56795,SupriyaaChordia,2025-04-05,21:51:30,-07:00,2025-04-05T21:51:30-07:00,6,2
resume/index.html,38,html,33c56795,SupriyaaChordia,2025-04-05,21:51:30,-07:00,2025-04-05T21:51:30-07:00,8,32
resume/index.html,39,html,33c56795,SupriyaaChordia,2025-04-05,21:51:30,-07:00,2025-04-05T21:51:30-07:00,8,38
resume/index.html,40,html,33c56795,SupriyaaChordia,2025-04-05,21:51:30,-07:00,2025-04-05T21:51:30-07:00,8,89
resume/index.html,41,html,33c56795,SupriyaaChordia,2025-04-05,21:51:30,-07:00,2025-04-05T21:51:30-07:00,6,3
resume/index.html,42,html,33c56795,SupriyaaChordia,2025-04-05,21:51:30,-07:00,2025-04-05T21:51:30-07:00,4,3
resume/index.html,43,html,33c56795,SupriyaaChordia,2025-04-05,21:51:30,-07:00,2025-04-05T21:51:30-07:00,2,8
resume/index.html,44,html,33c56795,SupriyaaChordia,2025-04-05,21:51:30,-07:00,2025-04-05T21:51:30-07:00,2,7
resume/index.html,45,html,33c56795,SupriyaaChordia,2025-04-05,21:51:30,-07:00,2025-04-05T21:51:30-07:00,4,17
resume/index.html,46,html,33c56795,SupriyaaChordia,2025-04-05,21:51:30,-07:00,2025-04-05T21:51:30-07:00,4,7
resume/index.html,47,html,33c56795,SupriyaaChordia,2025-04-05,21:51:30,-07:00,2025-04-05T21:51:30-07:00,6,6
resume/index.html,48,html,33c56795,SupriyaaChordia,2025-04-05,21:51:30,-07:00,2025-04-05T21:51:30-07:00,8,39
resume/index.html,49,html,33c56795,SupriyaaChordia,2025-04-05,21:51:30,-07:00,2025-04-05T21:51:30-07:00,8,113
resume/index.html,50,html,33c56795,SupriyaaChordia,2025-04-05,21:51:30,-07:00,2025-04-05T21:51:30-07:00,6,7
resume/index.html,51,html,33c56795,SupriyaaChordia,2025-04-05,21:51:30,-07:00,2025-04-05T21:51:30-07:00,6,2
resume/index.html,52,html,33c56795,SupriyaaChordia,2025-04-05,21:51:30,-07:00,2025-04-05T21:51:30-07:00,8,104
resume/index.html,53,html,33c56795,SupriyaaChordia,2025-04-05,21:51:30,-07:00,2025-04-05T21:51:30-07:00,8,112
resume/index.html,54,html,33c56795,SupriyaaChordia,2025-04-05,21:51:30,-07:00,2025-04-05T21:51:30-07:00,8,78
resume/index.html,55,html,33c56795,SupriyaaChordia,2025-04-05,21:51:30,-07:00,2025-04-05T21:51:30-07:00,6,3
resume/index.html,56,html,33c56795,SupriyaaChordia,2025-04-05,21:51:30,-07:00,2025-04-05T21:51:30-07:00,4,8
resume/index.html,57,html,33c56795,SupriyaaChordia,2025-04-05,21:51:30,-07:00,2025-04-05T21:51:30-07:00,4,7
resume/index.html,58,html,33c56795,SupriyaaChordia,2025-04-05,21:51:30,-07:00,2025-04-05T21:51:30-07:00,6,6
resume/index.html,59,html,33c56795,SupriyaaChordia,2025-04-05,21:51:30,-07:00,2025-04-05T21:51:30-07:00,8,48
resume/index.html,60,html,33c56795,SupriyaaChordia,2025-04-05,21:51:30,-07:00,2025-04-05T21:51:30-07:00,8,111
resume/index.html,61,html,33c56795,SupriyaaChordia,2025-04-05,21:51:30,-07:00,2025-04-05T21:51:30-07:00,6,7
resume/index.html,62,html,33c56795,SupriyaaChordia,2025-04-05,21:51:30,-07:00,2025-04-05T21:51:30-07:00,6,2
resume/index.html,63,html,33c56795,SupriyaaChordia,2025-04-05,21:51:30,-07:00,2025-04-05T21:51:30-07:00,8,75
resume/index.html,64,html,33c56795,SupriyaaChordia,2025-04-05,21:51:30,-07:00,2025-04-05T21:51:30-07:00,8,89
resume/index.html,65,html,33c56795,SupriyaaChordia,2025-04-05,21:51:30,-07:00,2025-04-05T21:51:30-07:00,8,89
resume/index.html,66,html,33c56795,SupriyaaChordia,2025-04-05,21:51:30,-07:00,2025-04-05T21:51:30-07:00,6,3
resume/index.html,67,html,33c56795,SupriyaaChordia,2025-04-05,21:51:30,-07:00,2025-04-05T21:51:30-07:00,4,8
resume/index.html,68,html,33c56795,SupriyaaChordia,2025-04-05,21:51:30,-07:00,2025-04-05T21:51:30-07:00,2,8
resume/index.html,69,html,33c56795,SupriyaaChordia,2025-04-05,21:51:30,-07:00,2025-04-05T21:51:30-07:00,2,7
resume/index.html,70,html,33c56795,SupriyaaChordia,2025-04-05,21:51:30,-07:00,2025-04-05T21:51:30-07:00,4,15
resume/index.html,71,html,33c56795,SupriyaaChordia,2025-04-05,21:51:30,-07:00,2025-04-05T21:51:30-07:00,4,7
resume/index.html,72,html,33c56795,SupriyaaChordia,2025-04-05,21:51:30,-07:00,2025-04-05T21:51:30-07:00,6,6
resume/index.html,73,html,33c56795,SupriyaaChordia,2025-04-05,21:51:30,-07:00,2025-04-05T21:51:30-07:00,8,16
resume/index.html,74,html,33c56795,SupriyaaChordia,2025-04-05,21:51:30,-07:00,2025-04-05T21:51:30-07:00,8,112
resume/index.html,75,html,33c56795,SupriyaaChordia,2025-04-05,21:51:30,-07:00,2025-04-05T21:51:30-07:00,6,7
resume/index.html,76,html,33c56795,SupriyaaChordia,2025-04-05,21:51:30,-07:00,2025-04-05T21:51:30-07:00,6,2
resume/index.html,77,html,33c56795,SupriyaaChordia,2025-04-05,21:51:30,-07:00,2025-04-05T21:51:30-07:00,8,104
resume/index.html,78,html,33c56795,SupriyaaChordia,2025-04-05,21:51:30,-07:00,2025-04-05T21:51:30-07:00,8,69
resume/index.html,79,html,33c56795,SupriyaaChordia,2025-04-05,21:51:30,-07:00,2025-04-05T21:51:30-07:00,8,52
resume/index.html,80,html,33c56795,SupriyaaChordia,2025-04-05,21:51:30,-07:00,2025-04-05T21:51:30-07:00,8,52
resume/index.html,81,html,33c56795,SupriyaaChordia,2025-04-05,21:51:30,-07:00,2025-04-05T21:51:30-07:00,6,3
resume/index.html,82,html,33c56795,SupriyaaChordia,2025-04-05,21:51:30,-07:00,2025-04-05T21:51:30-07:00,4,8
resume/index.html,83,html,33c56795,SupriyaaChordia,2025-04-05,21:51:30,-07:00,2025-04-05T21:51:30-07:00,4,7
resume/index.html,84,html,33c56795,SupriyaaChordia,2025-04-05,21:51:30,-07:00,2025-04-05T21:51:30-07:00,6,6
resume/index.html,85,html,33c56795,SupriyaaChordia,2025-04-05,21:51:30,-07:00,2025-04-05T21:51:30-07:00,8,23
resume/index.html,86,html,33c56795,SupriyaaChordia,2025-04-05,21:51:30,-07:00,2025-04-05T21:51:30-07:00,8,145
resume/index.html,87,html,33c56795,SupriyaaChordia,2025-04-05,21:51:30,-07:00,2025-04-05T21:51:30-07:00,6,7
resume/index.html,88,html,33c56795,SupriyaaChordia,2025-04-05,21:51:30,-07:00,2025-04-05T21:51:30-07:00,6,2
resume/index.html,89,html,33c56795,SupriyaaChordia,2025-04-05,21:51:30,-07:00,2025-04-05T21:51:30-07:00,8,97
resume/index.html,90,html,33c56795,SupriyaaChordia,2025-04-05,21:51:30,-07:00,2025-04-05T21:51:30-07:00,8,91
resume/index.html,91,html,33c56795,SupriyaaChordia,2025-04-05,21:51:30,-07:00,2025-04-05T21:51:30-07:00,8,93
resume/index.html,92,html,33c56795,SupriyaaChordia,2025-04-05,21:51:30,-07:00,2025-04-05T21:51:30-07:00,8,111
resume/index.html,93,html,33c56795,SupriyaaChordia,2025-04-05,21:51:30,-07:00,2025-04-05T21:51:30-07:00,6,3
resume/index.html,94,html,33c56795,SupriyaaChordia,2025-04-05,21:51:30,-07:00,2025-04-05T21:51:30-07:00,4,8
resume/index.html,95,html,33c56795,SupriyaaChordia,2025-04-05,21:51:30,-07:00,2025-04-05T21:51:30-07:00,2,8
resume/index.html,96,html,33c56795,SupriyaaChordia,2025-04-05,21:51:30,-07:00,2025-04-05T21:51:30-07:00,2,7
resume/index.html,97,html,33c56795,SupriyaaChordia,2025-04-05,21:51:30,-07:00,2025-04-05T21:51:30-07:00,4,23
resume/index.html,98,html,33c56795,SupriyaaChordia,2025-04-05,21:51:30,-07:00,2025-04-05T21:51:30-07:00,4,2
resume/index.html,99,html,33c56795,SupriyaaChordia,2025-04-05,21:51:30,-07:00,2025-04-05T21:51:30-07:00,6,95
resume/index.html,100,html,33c56795,SupriyaaChordia,2025-04-05,21:51:30,-07:00,2025-04-05T21:51:30-07:00,6,97
resume/index.html,101,html,33c56795,SupriyaaChordia,2025-04-05,21:51:30,-07:00,2025-04-05T21:51:30-07:00,6,137
resume/index.html,102,html,33c56795,SupriyaaChordia,2025-04-05,21:51:30,-07:00,2025-04-05T21:51:30-07:00,6,60
resume/index.html,103,html,33c56795,SupriyaaChordia,2025-04-05,21:51:30,-07:00,2025-04-05T21:51:30-07:00,4,3
resume/index.html,104,html,33c56795,SupriyaaChordia,2025-04-05,21:51:30,-07:00,2025-04-05T21:51:30-07:00,2,8
resume/index.html,105,html,e1ee5033,SupriyaaChordia,2025-04-05,21:29:45,-07:00,2025-04-05T21:29:45-07:00,0,5
resume/index.html,106,html,e1ee5033,SupriyaaChordia,2025-04-05,21:29:45,-07:00,2025-04-05T21:29:45-07:00,0,5
projects/projects.js,1,js,664753d2,SupriyaaChordia,2025-04-25,17:47:41,-07:00,2025-04-25T17:47:41-07:00,0,55
projects/projects.js,2,js,664753d2,SupriyaaChordia,2025-04-25,17:47:41,-07:00,2025-04-25T17:47:41-07:00,0,55
projects/projects.js,3,js,2e778bab,SupriyaaChordia,2025-04-25,18:05:48,-07:00,2025-04-25T18:05:48-07:00,0,41
projects/projects.js,4,js,664753d2,SupriyaaChordia,2025-04-25,17:47:41,-07:00,2025-04-25T17:47:41-07:00,0,60
projects/projects.js,5,js,3f323b29,SupriyaaChordia,2025-04-25,17:58:24,-07:00,2025-04-25T17:58:24-07:00,0,48
projects/projects.js,6,js,d799d247,SupriyaaChordia,2025-04-25,18:02:15,-07:00,2025-04-25T18:02:15-07:00,0,48
projects/projects.js,7,js,3f323b29,SupriyaaChordia,2025-04-25,17:58:24,-07:00,2025-04-25T17:58:24-07:00,0,17
projects/projects.js,8,js,50da3a99,SupriyaaChordia,2025-04-25,18:16:05,-07:00,2025-04-25T18:16:05-07:00,1,55
projects/projects.js,9,js,ec5de710,SupriyaaChordia,2025-05-02,16:50:14,-07:00,2025-05-02T16:50:14-07:00,0,0
projects/projects.js,10,js,ec5de710,SupriyaaChordia,2025-05-02,16:50:14,-07:00,2025-05-02T16:50:14-07:00,0,0
projects/projects.js,11,js,ec5de710,SupriyaaChordia,2025-05-02,16:50:14,-07:00,2025-05-02T16:50:14-07:00,0,63
projects/projects.js,12,js,840a2cbe,SupriyaaChordia,2025-05-02,17:45:43,-07:00,2025-05-02T17:45:43-07:00,0,42
projects/projects.js,13,js,e648997e,SupriyaaChordia,2025-05-02,22:03:43,-07:00,2025-05-02T22:03:43-07:00,0,53
projects/projects.js,14,js,5f671e5d,SupriyaaChordia,2025-05-02,23:05:10,-07:00,2025-05-02T23:05:10-07:00,0,21
projects/projects.js,15,js,52f5afd2,SupriyaaChordia,2025-05-02,23:24:56,-07:00,2025-05-02T23:24:56-07:00,0,13
projects/projects.js,16,js,5f671e5d,SupriyaaChordia,2025-05-02,23:05:10,-07:00,2025-05-02T23:05:10-07:00,0,0
projects/projects.js,17,js,e648997e,SupriyaaChordia,2025-05-02,22:03:43,-07:00,2025-05-02T22:03:43-07:00,0,38
projects/projects.js,18,js,e648997e,SupriyaaChordia,2025-05-02,22:03:43,-07:00,2025-05-02T22:03:43-07:00,1,25
projects/projects.js,19,js,e648997e,SupriyaaChordia,2025-05-02,22:03:43,-07:00,2025-05-02T22:03:43-07:00,1,29
projects/projects.js,20,js,e648997e,SupriyaaChordia,2025-05-02,22:03:43,-07:00,2025-05-02T22:03:43-07:00,2,12
projects/projects.js,21,js,e648997e,SupriyaaChordia,2025-05-02,22:03:43,-07:00,2025-05-02T22:03:43-07:00,2,14
projects/projects.js,22,js,e648997e,SupriyaaChordia,2025-05-02,22:03:43,-07:00,2025-05-02T22:03:43-07:00,2,12
projects/projects.js,23,js,e648997e,SupriyaaChordia,2025-05-02,22:03:43,-07:00,2025-05-02T22:03:43-07:00,1,0
projects/projects.js,24,js,e648997e,SupriyaaChordia,2025-05-02,22:03:43,-07:00,2025-05-02T22:03:43-07:00,1,18
projects/projects.js,25,js,e648997e,SupriyaaChordia,2025-05-02,22:03:43,-07:00,2025-05-02T22:03:43-07:00,1,50
projects/projects.js,26,js,e648997e,SupriyaaChordia,2025-05-02,22:03:43,-07:00,2025-05-02T22:03:43-07:00,2,43
projects/projects.js,27,js,e648997e,SupriyaaChordia,2025-05-02,22:03:43,-07:00,2025-05-02T22:03:43-07:00,1,1
projects/projects.js,28,js,e648997e,SupriyaaChordia,2025-05-02,22:03:43,-07:00,2025-05-02T22:03:43-07:00,1,50
projects/projects.js,29,js,e648997e,SupriyaaChordia,2025-05-02,22:03:43,-07:00,2025-05-02T22:03:43-07:00,1,53
projects/projects.js,30,js,e648997e,SupriyaaChordia,2025-05-02,22:03:43,-07:00,2025-05-02T22:03:43-07:00,1,42
projects/projects.js,31,js,e648997e,SupriyaaChordia,2025-05-02,22:03:43,-07:00,2025-05-02T22:03:43-07:00,1,60
projects/projects.js,32,js,e648997e,SupriyaaChordia,2025-05-02,22:03:43,-07:00,2025-05-02T22:03:43-07:00,1,54
projects/projects.js,33,js,e648997e,SupriyaaChordia,2025-05-02,22:03:43,-07:00,2025-05-02T22:03:43-07:00,0,0
projects/projects.js,34,js,e648997e,SupriyaaChordia,2025-05-02,22:03:43,-07:00,2025-05-02T22:03:43-07:00,1,33
projects/projects.js,35,js,5f671e5d,SupriyaaChordia,2025-05-02,23:05:10,-07:00,2025-05-02T23:05:10-07:00,1,25
projects/projects.js,36,js,5f671e5d,SupriyaaChordia,2025-05-02,23:05:10,-07:00,2025-05-02T23:05:10-07:00,1,29
projects/projects.js,37,js,e648997e,SupriyaaChordia,2025-05-02,22:03:43,-07:00,2025-05-02T22:03:43-07:00,1,35
projects/projects.js,38,js,e648997e,SupriyaaChordia,2025-05-02,22:03:43,-07:00,2025-05-02T22:03:43-07:00,1,33
projects/projects.js,39,js,e648997e,SupriyaaChordia,2025-05-02,22:03:43,-07:00,2025-05-02T22:03:43-07:00,0,0
projects/projects.js,40,js,e648997e,SupriyaaChordia,2025-05-02,22:03:43,-07:00,2025-05-02T22:03:43-07:00,1,53
projects/projects.js,41,js,5f671e5d,SupriyaaChordia,2025-05-02,23:05:10,-07:00,2025-05-02T23:05:10-07:00,1,27
projects/projects.js,42,js,5f671e5d,SupriyaaChordia,2025-05-02,23:05:10,-07:00,2025-05-02T23:05:10-07:00,2,1
projects/projects.js,43,js,5f671e5d,SupriyaaChordia,2025-05-02,23:05:10,-07:00,2025-05-02T23:05:10-07:00,3,13
projects/projects.js,44,js,5f671e5d,SupriyaaChordia,2025-05-02,23:05:10,-07:00,2025-05-02T23:05:10-07:00,3,13
projects/projects.js,45,js,5f671e5d,SupriyaaChordia,2025-05-02,23:05:10,-07:00,2025-05-02T23:05:10-07:00,3,22
projects/projects.js,46,js,5f671e5d,SupriyaaChordia,2025-05-02,23:05:10,-07:00,2025-05-02T23:05:10-07:00,3,18
projects/projects.js,47,js,5f671e5d,SupriyaaChordia,2025-05-02,23:05:10,-07:00,2025-05-02T23:05:10-07:00,4,43
projects/projects.js,48,js,5f671e5d,SupriyaaChordia,2025-05-02,23:05:10,-07:00,2025-05-02T23:05:10-07:00,1,0
projects/projects.js,49,js,5f671e5d,SupriyaaChordia,2025-05-02,23:05:10,-07:00,2025-05-02T23:05:10-07:00,4,1
projects/projects.js,50,js,5f671e5d,SupriyaaChordia,2025-05-02,23:05:10,-07:00,2025-05-02T23:05:10-07:00,5,16
projects/projects.js,51,js,5f671e5d,SupriyaaChordia,2025-05-02,23:05:10,-07:00,2025-05-02T23:05:10-07:00,5,26
projects/projects.js,52,js,5f671e5d,SupriyaaChordia,2025-05-02,23:05:10,-07:00,2025-05-02T23:05:10-07:00,5,39
projects/projects.js,53,js,5f671e5d,SupriyaaChordia,2025-05-02,23:05:10,-07:00,2025-05-02T23:05:10-07:00,4,1
projects/projects.js,54,js,e4b4852e,SupriyaaChordia,2025-05-02,23:12:34,-07:00,2025-05-02T23:12:34-07:00,4,7
projects/projects.js,55,js,5f671e5d,SupriyaaChordia,2025-05-02,23:05:10,-07:00,2025-05-02T23:05:10-07:00,4,14
projects/projects.js,56,js,5f671e5d,SupriyaaChordia,2025-05-02,23:05:10,-07:00,2025-05-02T23:05:10-07:00,4,26
projects/projects.js,57,js,5f671e5d,SupriyaaChordia,2025-05-02,23:05:10,-07:00,2025-05-02T23:05:10-07:00,5,60
projects/projects.js,58,js,5f671e5d,SupriyaaChordia,2025-05-02,23:05:10,-07:00,2025-05-02T23:05:10-07:00,4,1
projects/projects.js,59,js,52f5afd2,SupriyaaChordia,2025-05-02,23:24:56,-07:00,2025-05-02T23:24:56-07:00,4,112
projects/projects.js,60,js,5f671e5d,SupriyaaChordia,2025-05-02,23:05:10,-07:00,2025-05-02T23:05:10-07:00,4,25
projects/projects.js,61,js,52f5afd2,SupriyaaChordia,2025-05-02,23:24:56,-07:00,2025-05-02T23:24:56-07:00,5,54
projects/projects.js,62,js,5f671e5d,SupriyaaChordia,2025-05-02,23:05:10,-07:00,2025-05-02T23:05:10-07:00,4,6
projects/projects.js,63,js,5f671e5d,SupriyaaChordia,2025-05-02,23:05:10,-07:00,2025-05-02T23:05:10-07:00,5,52
projects/projects.js,64,js,5f671e5d,SupriyaaChordia,2025-05-02,23:05:10,-07:00,2025-05-02T23:05:10-07:00,5,31
projects/projects.js,65,js,5f671e5d,SupriyaaChordia,2025-05-02,23:05:10,-07:00,2025-05-02T23:05:10-07:00,5,46
projects/projects.js,66,js,52f5afd2,SupriyaaChordia,2025-05-02,23:24:56,-07:00,2025-05-02T23:24:56-07:00,5,43
projects/projects.js,67,js,5f671e5d,SupriyaaChordia,2025-05-02,23:05:10,-07:00,2025-05-02T23:05:10-07:00,6,40
projects/projects.js,68,js,5f671e5d,SupriyaaChordia,2025-05-02,23:05:10,-07:00,2025-05-02T23:05:10-07:00,5,0
projects/projects.js,69,js,5f671e5d,SupriyaaChordia,2025-05-02,23:05:10,-07:00,2025-05-02T23:05:10-07:00,5,56
projects/projects.js,70,js,5f671e5d,SupriyaaChordia,2025-05-02,23:05:10,-07:00,2025-05-02T23:05:10-07:00,4,0
projects/projects.js,71,js,5f671e5d,SupriyaaChordia,2025-05-02,23:05:10,-07:00,2025-05-02T23:05:10-07:00,3,1
projects/projects.js,72,js,5f671e5d,SupriyaaChordia,2025-05-02,23:05:10,-07:00,2025-05-02T23:05:10-07:00,1,1
projects/projects.js,73,js,5f671e5d,SupriyaaChordia,2025-05-02,23:05:10,-07:00,2025-05-02T23:05:10-07:00,1,0
projects/projects.js,74,js,e648997e,SupriyaaChordia,2025-05-02,22:03:43,-07:00,2025-05-02T22:03:43-07:00,1,27
projects/projects.js,75,js,e648997e,SupriyaaChordia,2025-05-02,22:03:43,-07:00,2025-05-02T22:03:43-07:00,2,7
projects/projects.js,76,js,e648997e,SupriyaaChordia,2025-05-02,22:03:43,-07:00,2025-05-02T22:03:43-07:00,3,11
projects/projects.js,77,js,e648997e,SupriyaaChordia,2025-05-02,22:03:43,-07:00,2025-05-02T22:03:43-07:00,3,93
projects/projects.js,78,js,e648997e,SupriyaaChordia,2025-05-02,22:03:43,-07:00,2025-05-02T22:03:43-07:00,3,98
projects/projects.js,79,js,e648997e,SupriyaaChordia,2025-05-02,22:03:43,-07:00,2025-05-02T22:03:43-07:00,3,28
projects/projects.js,80,js,e648997e,SupriyaaChordia,2025-05-02,22:03:43,-07:00,2025-05-02T22:03:43-07:00,1,1
projects/projects.js,81,js,e648997e,SupriyaaChordia,2025-05-02,22:03:43,-07:00,2025-05-02T22:03:43-07:00,1,0
projects/projects.js,82,js,e648997e,SupriyaaChordia,2025-05-02,22:03:43,-07:00,2025-05-02T22:03:43-07:00,0,0
projects/projects.js,83,js,e648997e,SupriyaaChordia,2025-05-02,22:03:43,-07:00,2025-05-02T22:03:43-07:00,0,49
projects/projects.js,84,js,52f5afd2,SupriyaaChordia,2025-05-02,23:24:56,-07:00,2025-05-02T23:24:56-07:00,1,39
projects/projects.js,85,js,e648997e,SupriyaaChordia,2025-05-02,22:03:43,-07:00,2025-05-02T22:03:43-07:00,1,51
projects/projects.js,86,js,e648997e,SupriyaaChordia,2025-05-02,22:03:43,-07:00,2025-05-02T22:03:43-07:00,2,59
projects/projects.js,87,js,e648997e,SupriyaaChordia,2025-05-02,22:03:43,-07:00,2025-05-02T22:03:43-07:00,2,28
projects/projects.js,88,js,e648997e,SupriyaaChordia,2025-05-02,22:03:43,-07:00,2025-05-02T22:03:43-07:00,1,1
projects/projects.js,89,js,e648997e,SupriyaaChordia,2025-05-02,22:03:43,-07:00,2025-05-02T22:03:43-07:00,1,56
projects/projects.js,90,js,e648997e,SupriyaaChordia,2025-05-02,22:03:43,-07:00,2025-05-02T22:03:43-07:00,1,31
projects/projects.js,91,js,70eb348e,SupriyaaChordia,2025-05-02,21:14:22,-07:00,2025-05-02T21:14:22-07:00,0,1
projects/projects.js,92,js,14e6255e,SupriyaaChordia,2025-05-02,23:09:01,-07:00,2025-05-02T23:09:01-07:00,0,0
projects/projects.js,93,js,14e6255e,SupriyaaChordia,2025-05-02,23:09:01,-07:00,2025-05-02T23:09:01-07:00,0,23
projects/index.html,1,html,4843c6fa,SupriyaaChordia,2025-04-05,20:44:18,-07:00,2025-04-05T20:44:18-07:00,0,13
projects/index.html,2,html,87bbdcb3,SupriyaaChordia,2025-04-19,21:59:14,-07:00,2025-04-19T21:59:14-07:00,0,14
projects/index.html,3,html,4843c6fa,SupriyaaChordia,2025-04-05,20:44:18,-07:00,2025-04-05T20:44:18-07:00,0,4
projects/index.html,4,html,e3d38645,SupriyaaChordia,2025-04-11,22:43:13,-07:00,2025-04-11T22:43:13-07:00,2,41
projects/index.html,5,html,4843c6fa,SupriyaaChordia,2025-04-05,20:44:18,-07:00,2025-04-05T20:44:18-07:00,2,20
projects/index.html,6,html,4843c6fa,SupriyaaChordia,2025-04-05,20:44:18,-07:00,2025-04-05T20:44:18-07:00,2,68
projects/index.html,7,html,4843c6fa,SupriyaaChordia,2025-04-05,20:44:18,-07:00,2025-04-05T20:44:18-07:00,2,21
projects/index.html,8,html,4843c6fa,SupriyaaChordia,2025-04-05,20:44:18,-07:00,2025-04-05T20:44:18-07:00,0,5
projects/index.html,9,html,4843c6fa,SupriyaaChordia,2025-04-05,20:44:18,-07:00,2025-04-05T20:44:18-07:00,0,4
projects/index.html,10,html,8cd98b00,SupriyaaChordia,2025-04-19,14:36:40,-07:00,2025-04-19T14:36:40-07:00,2,48
projects/index.html,11,html,016fe057,SupriyaaChordia,2025-04-19,15:03:51,-07:00,2025-04-19T15:03:51-07:00,2,8
projects/index.html,12,html,4843c6fa,SupriyaaChordia,2025-04-05,20:44:18,-07:00,2025-04-05T20:44:18-07:00,4,2
projects/index.html,13,html,0d2706d6,SupriyaaChordia,2025-04-05,21:52:53,-07:00,2025-04-05T21:52:53-07:00,5,39
projects/index.html,14,html,f23ce85e,SupriyaaChordia,2025-04-19,14:53:22,-07:00,2025-04-19T14:53:22-07:00,5,40
projects/index.html,15,html,0d2706d6,SupriyaaChordia,2025-04-05,21:52:53,-07:00,2025-04-05T21:52:53-07:00,5,50
projects/index.html,16,html,0d2706d6,SupriyaaChordia,2025-04-05,21:52:53,-07:00,2025-04-05T21:52:53-07:00,5,48
projects/index.html,17,html,4843c6fa,SupriyaaChordia,2025-04-05,20:44:18,-07:00,2025-04-05T20:44:18-07:00,5,78
projects/index.html,18,html,4843c6fa,SupriyaaChordia,2025-04-05,20:44:18,-07:00,2025-04-05T20:44:18-07:00,4,3
projects/index.html,19,html,016fe057,SupriyaaChordia,2025-04-19,15:03:51,-07:00,2025-04-19T15:03:51-07:00,2,8
projects/index.html,20,html,0d2706d6,SupriyaaChordia,2025-04-05,21:52:53,-07:00,2025-04-05T21:52:53-07:00,2,15
projects/index.html,21,html,bb585268,SupriyaaChordia,2025-05-02,18:14:04,-07:00,2025-05-02T18:14:04-07:00,2,21
projects/index.html,22,html,b330162e,SupriyaaChordia,2025-05-02,18:09:42,-07:00,2025-05-02T18:09:42-07:00,4,58
projects/index.html,23,html,b330162e,SupriyaaChordia,2025-05-02,18:09:42,-07:00,2025-05-02T18:09:42-07:00,4,22
projects/index.html,24,html,b330162e,SupriyaaChordia,2025-05-02,18:09:42,-07:00,2025-05-02T18:09:42-07:00,2,4
projects/index.html,25,html,e648997e,SupriyaaChordia,2025-05-02,22:03:43,-07:00,2025-05-02T22:03:43-07:00,2,4
projects/index.html,26,html,e648997e,SupriyaaChordia,2025-05-02,22:03:43,-07:00,2025-05-02T22:03:43-07:00,4,15
projects/index.html,27,html,e648997e,SupriyaaChordia,2025-05-02,22:03:43,-07:00,2025-05-02T22:03:43-07:00,4,11
projects/index.html,28,html,e648997e,SupriyaaChordia,2025-05-02,22:03:43,-07:00,2025-05-02T22:03:43-07:00,4,26
projects/index.html,29,html,e648997e,SupriyaaChordia,2025-05-02,22:03:43,-07:00,2025-05-02T22:03:43-07:00,4,31
projects/index.html,30,html,e648997e,SupriyaaChordia,2025-05-02,22:03:43,-07:00,2025-05-02T22:03:43-07:00,2,0
projects/index.html,31,html,5aa39e6c,SupriyaaChordia,2025-04-12,00:17:31,-07:00,2025-04-12T00:17:31-07:00,2,20
projects/index.html,32,html,65f43842,SupriyaaChordia,2025-04-25,17:52:53,-07:00,2025-04-25T17:52:53-07:00,4,12
projects/index.html,33,html,5aa39e6c,SupriyaaChordia,2025-04-12,00:17:31,-07:00,2025-04-12T00:17:31-07:00,6,29
projects/index.html,34,html,5aa39e6c,SupriyaaChordia,2025-04-12,00:17:31,-07:00,2025-04-12T00:17:31-07:00,6,70
projects/index.html,35,html,5aa39e6c,SupriyaaChordia,2025-04-12,00:17:31,-07:00,2025-04-12T00:17:31-07:00,6,230
projects/index.html,36,html,5aa39e6c,SupriyaaChordia,2025-04-12,00:17:31,-07:00,2025-04-12T00:17:31-07:00,4,8
projects/index.html,37,html,5aa39e6c,SupriyaaChordia,2025-04-12,00:17:31,-07:00,2025-04-12T00:17:31-07:00,4,7
projects/index.html,38,html,5aa39e6c,SupriyaaChordia,2025-04-12,00:17:31,-07:00,2025-04-12T00:17:31-07:00,6,50
projects/index.html,39,html,5aa39e6c,SupriyaaChordia,2025-04-12,00:17:31,-07:00,2025-04-12T00:17:31-07:00,6,70
projects/index.html,40,html,5aa39e6c,SupriyaaChordia,2025-04-12,00:17:31,-07:00,2025-04-12T00:17:31-07:00,6,219
projects/index.html,41,html,5aa39e6c,SupriyaaChordia,2025-04-12,00:17:31,-07:00,2025-04-12T00:17:31-07:00,4,8
projects/index.html,42,html,5aa39e6c,SupriyaaChordia,2025-04-12,00:17:31,-07:00,2025-04-12T00:17:31-07:00,4,7
projects/index.html,43,html,5aa39e6c,SupriyaaChordia,2025-04-12,00:17:31,-07:00,2025-04-12T00:17:31-07:00,6,33
projects/index.html,44,html,5aa39e6c,SupriyaaChordia,2025-04-12,00:17:31,-07:00,2025-04-12T00:17:31-07:00,6,70
projects/index.html,45,html,5aa39e6c,SupriyaaChordia,2025-04-12,00:17:31,-07:00,2025-04-12T00:17:31-07:00,6,201
projects/index.html,46,html,5aa39e6c,SupriyaaChordia,2025-04-12,00:17:31,-07:00,2025-04-12T00:17:31-07:00,4,8
projects/index.html,47,html,5aa39e6c,SupriyaaChordia,2025-04-12,00:17:31,-07:00,2025-04-12T00:17:31-07:00,4,7
projects/index.html,48,html,5aa39e6c,SupriyaaChordia,2025-04-12,00:17:31,-07:00,2025-04-12T00:17:31-07:00,6,31
projects/index.html,49,html,5aa39e6c,SupriyaaChordia,2025-04-12,00:17:31,-07:00,2025-04-12T00:17:31-07:00,6,70
projects/index.html,50,html,5aa39e6c,SupriyaaChordia,2025-04-12,00:17:31,-07:00,2025-04-12T00:17:31-07:00,6,216
projects/index.html,51,html,5aa39e6c,SupriyaaChordia,2025-04-12,00:17:31,-07:00,2025-04-12T00:17:31-07:00,4,8
projects/index.html,52,html,5aa39e6c,SupriyaaChordia,2025-04-12,00:17:31,-07:00,2025-04-12T00:17:31-07:00,4,7
projects/index.html,53,html,5aa39e6c,SupriyaaChordia,2025-04-12,00:17:31,-07:00,2025-04-12T00:17:31-07:00,6,40
projects/index.html,54,html,5aa39e6c,SupriyaaChordia,2025-04-12,00:17:31,-07:00,2025-04-12T00:17:31-07:00,6,70
projects/index.html,55,html,5aa39e6c,SupriyaaChordia,2025-04-12,00:17:31,-07:00,2025-04-12T00:17:31-07:00,6,236
projects/index.html,56,html,5aa39e6c,SupriyaaChordia,2025-04-12,00:17:31,-07:00,2025-04-12T00:17:31-07:00,4,8
projects/index.html,57,html,5aa39e6c,SupriyaaChordia,2025-04-12,00:17:31,-07:00,2025-04-12T00:17:31-07:00,4,7
projects/index.html,58,html,5aa39e6c,SupriyaaChordia,2025-04-12,00:17:31,-07:00,2025-04-12T00:17:31-07:00,6,33
projects/index.html,59,html,5aa39e6c,SupriyaaChordia,2025-04-12,00:17:31,-07:00,2025-04-12T00:17:31-07:00,6,70
projects/index.html,60,html,5aa39e6c,SupriyaaChordia,2025-04-12,00:17:31,-07:00,2025-04-12T00:17:31-07:00,6,213
projects/index.html,61,html,5aa39e6c,SupriyaaChordia,2025-04-12,00:17:31,-07:00,2025-04-12T00:17:31-07:00,4,8
projects/index.html,62,html,5aa39e6c,SupriyaaChordia,2025-04-12,00:17:31,-07:00,2025-04-12T00:17:31-07:00,4,7
projects/index.html,63,html,5aa39e6c,SupriyaaChordia,2025-04-12,00:17:31,-07:00,2025-04-12T00:17:31-07:00,6,45
projects/index.html,64,html,5aa39e6c,SupriyaaChordia,2025-04-12,00:17:31,-07:00,2025-04-12T00:17:31-07:00,6,70
projects/index.html,65,html,5aa39e6c,SupriyaaChordia,2025-04-12,00:17:31,-07:00,2025-04-12T00:17:31-07:00,6,235
projects/index.html,66,html,5aa39e6c,SupriyaaChordia,2025-04-12,00:17:31,-07:00,2025-04-12T00:17:31-07:00,4,8
projects/index.html,67,html,5aa39e6c,SupriyaaChordia,2025-04-12,00:17:31,-07:00,2025-04-12T00:17:31-07:00,4,7
projects/index.html,68,html,5aa39e6c,SupriyaaChordia,2025-04-12,00:17:31,-07:00,2025-04-12T00:17:31-07:00,6,28
projects/index.html,69,html,5aa39e6c,SupriyaaChordia,2025-04-12,00:17:31,-07:00,2025-04-12T00:17:31-07:00,6,70
projects/index.html,70,html,5aa39e6c,SupriyaaChordia,2025-04-12,00:17:31,-07:00,2025-04-12T00:17:31-07:00,6,221
projects/index.html,71,html,5aa39e6c,SupriyaaChordia,2025-04-12,00:17:31,-07:00,2025-04-12T00:17:31-07:00,4,8
projects/index.html,72,html,5aa39e6c,SupriyaaChordia,2025-04-12,00:17:31,-07:00,2025-04-12T00:17:31-07:00,4,7
projects/index.html,73,html,5aa39e6c,SupriyaaChordia,2025-04-12,00:17:31,-07:00,2025-04-12T00:17:31-07:00,6,40
projects/index.html,74,html,5aa39e6c,SupriyaaChordia,2025-04-12,00:17:31,-07:00,2025-04-12T00:17:31-07:00,6,70
projects/index.html,75,html,5aa39e6c,SupriyaaChordia,2025-04-12,00:17:31,-07:00,2025-04-12T00:17:31-07:00,6,234
projects/index.html,76,html,5aa39e6c,SupriyaaChordia,2025-04-12,00:17:31,-07:00,2025-04-12T00:17:31-07:00,4,8
projects/index.html,77,html,5aa39e6c,SupriyaaChordia,2025-04-12,00:17:31,-07:00,2025-04-12T00:17:31-07:00,4,7
projects/index.html,78,html,5aa39e6c,SupriyaaChordia,2025-04-12,00:17:31,-07:00,2025-04-12T00:17:31-07:00,6,32
projects/index.html,79,html,5aa39e6c,SupriyaaChordia,2025-04-12,00:17:31,-07:00,2025-04-12T00:17:31-07:00,6,70
projects/index.html,80,html,5aa39e6c,SupriyaaChordia,2025-04-12,00:17:31,-07:00,2025-04-12T00:17:31-07:00,6,248
projects/index.html,81,html,5aa39e6c,SupriyaaChordia,2025-04-12,00:17:31,-07:00,2025-04-12T00:17:31-07:00,4,8
projects/index.html,82,html,5aa39e6c,SupriyaaChordia,2025-04-12,00:17:31,-07:00,2025-04-12T00:17:31-07:00,4,7
projects/index.html,83,html,5aa39e6c,SupriyaaChordia,2025-04-12,00:17:31,-07:00,2025-04-12T00:17:31-07:00,6,40
projects/index.html,84,html,5aa39e6c,SupriyaaChordia,2025-04-12,00:17:31,-07:00,2025-04-12T00:17:31-07:00,6,70
projects/index.html,85,html,5aa39e6c,SupriyaaChordia,2025-04-12,00:17:31,-07:00,2025-04-12T00:17:31-07:00,6,234
projects/index.html,86,html,5aa39e6c,SupriyaaChordia,2025-04-12,00:17:31,-07:00,2025-04-12T00:17:31-07:00,4,8
projects/index.html,87,html,5aa39e6c,SupriyaaChordia,2025-04-12,00:17:31,-07:00,2025-04-12T00:17:31-07:00,4,7
projects/index.html,88,html,5aa39e6c,SupriyaaChordia,2025-04-12,00:17:31,-07:00,2025-04-12T00:17:31-07:00,6,36
projects/index.html,89,html,5aa39e6c,SupriyaaChordia,2025-04-12,00:17:31,-07:00,2025-04-12T00:17:31-07:00,6,70
projects/index.html,90,html,5aa39e6c,SupriyaaChordia,2025-04-12,00:17:31,-07:00,2025-04-12T00:17:31-07:00,6,247
projects/index.html,91,html,65f43842,SupriyaaChordia,2025-04-25,17:52:53,-07:00,2025-04-25T17:52:53-07:00,4,12
projects/index.html,92,html,6a00e89a,SupriyaaChordia,2025-04-25,18:04:58,-07:00,2025-04-25T18:04:58-07:00,4,0
projects/index.html,93,html,5aa39e6c,SupriyaaChordia,2025-04-12,00:17:31,-07:00,2025-04-12T00:17:31-07:00,2,4
projects/index.html,94,html,6a00e89a,SupriyaaChordia,2025-04-25,18:04:58,-07:00,2025-04-25T18:04:58-07:00,2,48
projects/index.html,95,html,6a00e89a,SupriyaaChordia,2025-04-25,18:04:58,-07:00,2025-04-25T18:04:58-07:00,2,47
projects/index.html,96,html,4843c6fa,SupriyaaChordia,2025-04-05,20:44:18,-07:00,2025-04-05T20:44:18-07:00,0,5
projects/index.html,97,html,4843c6fa,SupriyaaChordia,2025-04-05,20:44:18,-07:00,2025-04-05T20:44:18-07:00,0,5
meta/index.html,1,html,07ecb3d4,SupriyaaChordia,2025-05-09,20:31:05,-07:00,2025-05-09T20:31:05-07:00,0,13
meta/index.html,2,html,07ecb3d4,SupriyaaChordia,2025-05-09,20:31:05,-07:00,2025-05-09T20:31:05-07:00,0,14
meta/index.html,3,html,07ecb3d4,SupriyaaChordia,2025-05-09,20:31:05,-07:00,2025-05-09T20:31:05-07:00,0,4
meta/index.html,4,html,07ecb3d4,SupriyaaChordia,2025-05-09,20:31:05,-07:00,2025-05-09T20:31:05-07:00,2,38
meta/index.html,5,html,07ecb3d4,SupriyaaChordia,2025-05-09,20:31:05,-07:00,2025-05-09T20:31:05-07:00,2,20
meta/index.html,6,html,07ecb3d4,SupriyaaChordia,2025-05-09,20:31:05,-07:00,2025-05-09T20:31:05-07:00,2,68
meta/index.html,7,html,07ecb3d4,SupriyaaChordia,2025-05-09,20:31:05,-07:00,2025-05-09T20:31:05-07:00,2,17
meta/index.html,8,html,07ecb3d4,SupriyaaChordia,2025-05-09,20:31:05,-07:00,2025-05-09T20:31:05-07:00,0,5
meta/index.html,9,html,07ecb3d4,SupriyaaChordia,2025-05-09,20:31:05,-07:00,2025-05-09T20:31:05-07:00,0,4
meta/index.html,10,html,07ecb3d4,SupriyaaChordia,2025-05-09,20:31:05,-07:00,2025-05-09T20:31:05-07:00,2,62
meta/index.html,11,html,07ecb3d4,SupriyaaChordia,2025-05-09,20:31:05,-07:00,2025-05-09T20:31:05-07:00,0,5
meta/index.html,12,html,07ecb3d4,SupriyaaChordia,2025-05-09,20:31:05,-07:00,2025-05-09T20:31:05-07:00,0,5
contact/index.html,1,html,4843c6fa,SupriyaaChordia,2025-04-05,20:44:18,-07:00,2025-04-05T20:44:18-07:00,0,13
contact/index.html,2,html,87bbdcb3,SupriyaaChordia,2025-04-19,21:59:14,-07:00,2025-04-19T21:59:14-07:00,0,14
contact/index.html,3,html,4843c6fa,SupriyaaChordia,2025-04-05,20:44:18,-07:00,2025-04-05T20:44:18-07:00,0,4
contact/index.html,4,html,e3d38645,SupriyaaChordia,2025-04-11,22:43:13,-07:00,2025-04-11T22:43:13-07:00,2,41
contact/index.html,5,html,4843c6fa,SupriyaaChordia,2025-04-05,20:44:18,-07:00,2025-04-05T20:44:18-07:00,2,20
contact/index.html,6,html,4843c6fa,SupriyaaChordia,2025-04-05,20:44:18,-07:00,2025-04-05T20:44:18-07:00,2,68
contact/index.html,7,html,4843c6fa,SupriyaaChordia,2025-04-05,20:44:18,-07:00,2025-04-05T20:44:18-07:00,2,20
contact/index.html,8,html,4843c6fa,SupriyaaChordia,2025-04-05,20:44:18,-07:00,2025-04-05T20:44:18-07:00,0,5
contact/index.html,9,html,4843c6fa,SupriyaaChordia,2025-04-05,20:44:18,-07:00,2025-04-05T20:44:18-07:00,0,4
contact/index.html,10,html,8cd98b00,SupriyaaChordia,2025-04-19,14:36:40,-07:00,2025-04-19T14:36:40-07:00,1,48
contact/index.html,11,html,016fe057,SupriyaaChordia,2025-04-19,15:03:51,-07:00,2025-04-19T15:03:51-07:00,2,8
contact/index.html,12,html,4843c6fa,SupriyaaChordia,2025-04-05,20:44:18,-07:00,2025-04-05T20:44:18-07:00,4,2
contact/index.html,13,html,85f14813,SupriyaaChordia,2025-04-05,21:53:45,-07:00,2025-04-05T21:53:45-07:00,5,39
contact/index.html,14,html,85f14813,SupriyaaChordia,2025-04-05,21:53:45,-07:00,2025-04-05T21:53:45-07:00,5,52
contact/index.html,15,html,f23ce85e,SupriyaaChordia,2025-04-19,14:53:22,-07:00,2025-04-19T14:53:22-07:00,5,39
contact/index.html,16,html,85f14813,SupriyaaChordia,2025-04-05,21:53:45,-07:00,2025-04-05T21:53:45-07:00,5,48
contact/index.html,17,html,4843c6fa,SupriyaaChordia,2025-04-05,20:44:18,-07:00,2025-04-05T20:44:18-07:00,5,78
contact/index.html,18,html,4843c6fa,SupriyaaChordia,2025-04-05,20:44:18,-07:00,2025-04-05T20:44:18-07:00,4,3
contact/index.html,19,html,016fe057,SupriyaaChordia,2025-04-19,15:03:51,-07:00,2025-04-19T15:03:51-07:00,2,8
contact/index.html,20,html,85f14813,SupriyaaChordia,2025-04-05,21:53:45,-07:00,2025-04-05T21:53:45-07:00,2,14
contact/index.html,21,html,fc8af5a1,SupriyaaChordia,2025-04-05,21:01:03,-07:00,2025-04-05T21:01:03-07:00,2,73
contact/index.html,22,html,1b48a90d,SupriyaaChordia,2025-04-11,23:32:35,-07:00,2025-04-11T23:32:35-07:00,4,5
contact/index.html,23,html,1b48a90d,SupriyaaChordia,2025-04-11,23:32:35,-07:00,2025-04-11T23:32:35-07:00,5,17
contact/index.html,24,html,1b48a90d,SupriyaaChordia,2025-04-11,23:32:35,-07:00,2025-04-11T23:32:35-07:00,5,31
contact/index.html,25,html,1b48a90d,SupriyaaChordia,2025-04-11,23:32:35,-07:00,2025-04-11T23:32:35-07:00,4,6
contact/index.html,26,html,1b48a90d,SupriyaaChordia,2025-04-11,23:32:35,-07:00,2025-04-11T23:32:35-07:00,4,5
contact/index.html,27,html,1b48a90d,SupriyaaChordia,2025-04-11,23:32:35,-07:00,2025-04-11T23:32:35-07:00,5,19
contact/index.html,28,html,1b48a90d,SupriyaaChordia,2025-04-11,23:32:35,-07:00,2025-04-11T23:32:35-07:00,5,32
contact/index.html,29,html,1b48a90d,SupriyaaChordia,2025-04-11,23:32:35,-07:00,2025-04-11T23:32:35-07:00,4,6
contact/index.html,30,html,1b48a90d,SupriyaaChordia,2025-04-11,23:32:35,-07:00,2025-04-11T23:32:35-07:00,4,5
contact/index.html,31,html,1b48a90d,SupriyaaChordia,2025-04-11,23:32:35,-07:00,2025-04-11T23:32:35-07:00,5,24
contact/index.html,32,html,1b48a90d,SupriyaaChordia,2025-04-11,23:32:35,-07:00,2025-04-11T23:32:35-07:00,5,31
contact/index.html,33,html,1b48a90d,SupriyaaChordia,2025-04-11,23:32:35,-07:00,2025-04-11T23:32:35-07:00,4,6
contact/index.html,34,html,1b48a90d,SupriyaaChordia,2025-04-11,23:32:35,-07:00,2025-04-11T23:32:35-07:00,4,35
contact/index.html,35,html,1b48a90d,SupriyaaChordia,2025-04-11,23:32:35,-07:00,2025-04-11T23:32:35-07:00,3,5
contact/index.html,36,html,4843c6fa,SupriyaaChordia,2025-04-05,20:44:18,-07:00,2025-04-05T20:44:18-07:00,0,5
contact/index.html,37,html,4843c6fa,SupriyaaChordia,2025-04-05,20:44:18,-07:00,2025-04-05T20:44:18-07:00,0,5
